
use bcplab;

--
-- `ecs_article`
--
-- ----------------------------
-- Records of ecs_article
-- ----------------------------
INSERT INTO `ecs_article` (`article_id`, `cat_id`, `title`, `content`, `author`, `author_email`, `keywords`, `article_type`, `is_open`, `add_time`, `file_url`, `open_type`, `link`) VALUES
('9', '5', '售后流程', '', '', '', '', '0', '1', '1242576700', '', '0', 'http://'),
('10', '5', '购物流程', '', '', '', '', '0', '1', '1242576717', '', '0', 'http://'),
('11', '5', '订购方式', '', '', '', '', '0', '1', '1242576727', '', '0', 'http://'),
('15', '7', '货到付款区域', '', '', '', '', '0', '1', '1242577023', '', '0', 'http://'),
('16', '7', '配送支付智能查询 ', '', '', '', '', '0', '1', '1242577032', '', '0', 'http://'),
('17', '7', '支付方式说明', '', '', '', '', '0', '1', '1242577041', '', '0', 'http://'),
('18', '10', '资金管理', '', '', '', '', '0', '1', '1242577127', '', '0', 'user.php?act=account_log'),
('19', '10', '我的收藏', '', '', '', '', '0', '1', '1242577178', '', '0', 'user.php?act=collection_list'),
('20', '10', '我的订单', '', '', '', '', '0', '1', '1242577199', '', '0', 'user.php?act=order_list'),
('21', '8', '退换货原则', '', '', '', '服务', '0', '1', '1242577293', '', '0', 'http://'),
('22', '8', '售后服务保证 ', '', '', '', '售后', '0', '1', '1242577308', '', '0', 'http://'),
('23', '8', '产品质量保证 ', '', '', '', '质量', '1', '1', '1242577326', '', '0', 'http://'),
('24', '9', '网站故障报告', '', '', '', '', '0', '1', '1242577432', '', '0', 'http://'),
('25', '9', '选机咨询 ', '', '', '', '', '0', '1', '1242577448', '', '0', 'http://'),
('26', '9', '投诉与建议 ', '', '', '', '', '0', '1', '1242577459', '', '0', 'http://'),
('31', '12', '2011-2015年中国临床检验分析仪器产业市场运行状况及竞争战略趋势', '', '', '', '', '0', '1', '1242579069', '', '0', 'http://'),
('32', '12', '辽宁医学院附属第一医院检验科设备采购项目公开招标公告', '', '', '', '', '1', '1', '1242579189', '', '0', 'http://soft.imobile.com.cn/index-a-list_softs-cid-1.html'),
('33', '12', '如何做好实验室仪器设备的管理', '', '', '', '', '1', '1', '1242579559', '', '0', 'http://');

--
-- `ecs_article_cat`
--

INSERT INTO `ecs_article_cat` (`cat_id`, `cat_name`, `cat_type`, `keywords`, `cat_desc`, `sort_order`, `show_in_nav`, `parent_id`) VALUES
(4, '3G资讯', 1, '', '', 50, 0, 0),
(5, '新手上路 ', 5, '', '', 50, 0, 3),
(6, '手机常识 ', 5, '', '手机常识 ', 50, 0, 3),
(7, '配送与支付 ', 5, '', '配送与支付 ', 50, 0, 3),
(8, '服务保证 ', 5, '', '', 50, 0, 3),
(9, '联系我们 ', 5, '', '联系我们 ', 50, 0, 3),
(10, '会员中心', 5, '', '', 50, 0, 3),
(11, '手机促销', 1, '', '', 50, 0, 0),
(12, '站内快讯', 1, '', '', 50, 0, 0);



--
-- `ecs_bonus_type`
--
INSERT INTO `ecs_bonus_type` (`type_id`, `type_name`, `type_money`, `send_type`, `min_amount`, `max_amount`, `send_start_date`, `send_end_date`, `use_start_date`, `use_end_date`, `min_goods_amount`) VALUES
(1, '用户红包', 2.00, 0, 0.00, 0.00, 1242057600, 1244736000, 1242057600, 1250006400, 500.00),
(2, '商品红包', 10.00, 1, 0.00, 0.00, 1241971200, 1250352000, 1242057600, 1250006400, 500.00),
(3, '订单红包', 20.00, 2, 1500.00, 0.00, 1242057600, 1309363200, 1242057600, 1257955200, 800.00),
(4, '线下红包', 5.00, 3, 0.00, 0.00, 1242057600, 1244736000, 1242057600, 1255449600, 360.00);


--
-- `ecs_brand`
--
INSERT INTO `ecs_brand` (`brand_id`, `brand_name`, `brand_logo`, `brand_desc`, `site_url`, `sort_order`, `is_show`) VALUES
(1, '诺基亚', '1240803062307572427.gif', '公司网站：http://www.nokia.com.cn/\n\n客服电话：400-880-0123', 'http://www.nokia.com.cn/', 50, 1),
(2, '摩托罗拉', '1240802922410634065.gif', '官方咨询电话：4008105050\n售后网点：http://www.motorola.com.cn/service/carecenter/search.asp ', 'http://www.motorola.com.cn', 50, 1),
(3, '多普达', '1240803144788047486.gif', '官方咨询电话：4008201668\n售后网点：http://www.dopod.com/pc/service/searchresult2.php ', 'http://www.dopod.com ', 50, 1),
(4, '飞利浦', '1240803247838195732.gif', '官方咨询电话：4008800008\n售后网点：http://www.philips.com.cn/service/mustservice/index.page ', 'http://www.philips.com.cn ', 50, 1),
(5, '夏新', '1240803352280856940.gif', '官方咨询电话：4008875777\n售后网点：http://www.amobile.com.cn/service_fwyzc.asp ', 'http://www.amobile.com.cn', 50, 1),
(6, '三星', '1240803412367015368.gif', '官方咨询电话：8008105858\n售后网点：http://cn.samsungmobile.com/cn/support/search_area_o.jsp ', 'http://cn.samsungmobile.com', 50, 1),
(7, '索爱', '1240803482283160654.gif', '官方咨询电话：4008100000\n售后网点：http://www.sonyericsson.com/cws/common/contact?cc=cn&lc=zh ', 'http://www.sonyericsson.com.cn/', 50, 1),
(8, 'LG', '1240803526904622792.gif', '官方咨询电话：4008199999\n售后网点：http://www.lg.com.cn/front.support.svccenter.retrieveCenter.laf?hrefId=9 ', 'http://cn.wowlg.com', 50, 1),
(9, '联想', '1240803578417877983.gif', '官方咨询电话：4008188818\n售后网点：http://www.lenovomobile.com/service/kf-wanglou.asp', 'http://www.lenovomobile.com/', 50, 1),
(10, '金立', '', '官方咨询电话：4007796666\n售后网点：http://www.gionee.net/service.asp ', 'http://www.gionee.net', 50, 1),
(11, '  恒基伟业', '1240803736391383580.gif', '官方咨询电话：4008899126\n售后网点：http://www.htwchina.com/htwt/wexiu.shtml ', 'http://www.htwchina.com', 50, 1);

--
-- `ecs_card`
--
INSERT INTO `ecs_card` (`card_id`, `card_name`, `card_img`, `card_fee`, `free_money`, `card_desc`) VALUES
(1, '祝福贺卡', '1242108754847457261.jpg', 5.00, 1000.00, '把您的祝福带给您身边的人');


--
--  `ecs_category`
--

INSERT INTO `ecs_category` (`cat_id`, `cat_name`,`keywords`, `cat_desc`,`parent_id`, `sort_order`,`template_file`, `measure_unit`,`show_in_nav`,`style`,`is_show`,`grade`, `filter_attr`) VALUES
(1,'仪器仪表','', '',0, 50, '', '', 0, '', 1, 0, '0'),
(101,'化学分析仪器','', '',1, 50, '', '', 0, '', 1, 0, '0'),
(10101,'色谱','', '',101, 50, '', '', 0, '', 1, 0, '0'),
(101010001,'气相色谱（GC）','', '',10101, 50, '', '', 0, '', 1, 0, '0'),
(101010002,'液相色谱（LC）','', '',10101, 50, '', '', 0, '', 1, 0, '0'),
(101010003,'离子色谱','', '',10101, 50, '', '', 0, '', 1, 0, '0'),
(101010004,'毛细管电泳','', '',10101, 50, '', '', 0, '', 1, 0, '0'),
(101010005,'制备液相色谱','', '',10101, 50, '', '', 0, '', 1, 0, '0'),
(101010006,'凝胶渗透色谱','', '',10101, 50, '', '', 0, '', 1, 0, '0'),
(101010007,'薄层色谱','', '',10101, 50, '', '', 0, '', 1, 0, '0'),
(101010008,'便携式气相色谱','', '',10101, 50, '', '', 0, '', 1, 0, '0'),
(101010009,'高速逆流色谱','', '',10101, 50, '', '', 0, '', 1, 0, '0'),
(101010010,'氨基酸分析仪','', '',10101, 50, '', '', 0, '', 1, 0, '0'),
(101010011,'热解吸仪','', '',10101, 50, '', '', 0, '', 1, 0, '0'),
(101010012,'热裂解器','', '',10101, 50, '', '', 0, '', 1, 0, '0'),
(101010013,'顶空进样器','', '',10101, 50, '', '', 0, '', 1, 0, '0'),
(101010014,'自动进样器','', '',10101, 50, '', '', 0, '', 1, 0, '0'),
(101010015,'轴向压缩系统','', '',10101, 50, '', '', 0, '', 1, 0, '0'),
(101010016,'非对称场流分离仪','', '',10101, 50, '', '', 0, '', 1, 0, '0'),
(101010017,'色谱检测器','', '',10101, 50, '', '', 0, '', 1, 0, '0'),
(101010018,'柱后衍生装置','', '',10101, 50, '', '', 0, '', 1, 0, '0'),
(101010019,'吸附管老化活化仪','', '',10101, 50, '', '', 0, '', 1, 0, '0'),
(101010020,'馏分收集器','', '',10101, 50, '', '', 0, '', 1, 0, '0'),
(101010021,'色谱高压泵','', '',10101, 50, '', '', 0, '', 1, 0, '0'),
(101010022,'柱温箱','', '',10101, 50, '', '', 0, '', 1, 0, '0'),
(10102,'光谱','', '',101, 50, '', '', 0, '', 1, 0, '0'),
(101020001,'紫外分光光度计（UV）','', '',10102, 50, '', '', 0, '', 1, 0, '0'),
(101020002,'原子吸收光谱（AAS）','', '',10102, 50, '', '', 0, '', 1, 0, '0'),
(101020003,'红外光谱（IR）','', '',10102, 50, '', '', 0, '', 1, 0, '0'),
(101020004,'电感耦合等离子体发射光谱仪（ICP）','', '',10102, 50, '', '', 0, '', 1, 0, '0'),
(101020005,'近红外光谱(NIR)','', '',10102, 50, '', '', 0, '', 1, 0, '0'),
(101020006,'原子荧光光谱（AFS）','', '',10102, 50, '', '', 0, '', 1, 0, '0'),
(101020007,'光电直读光谱仪','', '',10102, 50, '', '', 0, '', 1, 0, '0'),
(101020008,'激光拉曼光谱（RAMAN）','', '',10102, 50, '', '', 0, '', 1, 0, '0'),
(101020009,'分子荧光光谱','', '',10102, 50, '', '', 0, '', 1, 0, '0'),
(101020010,'气相分子吸收光谱仪（GMA）','', '',10102, 50, '', '', 0, '', 1, 0, '0'),
(101020011,'穆斯堡尔光谱仪','', '',10102, 50, '', '', 0, '', 1, 0, '0'),
(101020012,'光纤光谱仪','', '',10102, 50, '', '', 0, '', 1, 0, '0'),
(101020013,'便携式分光光度计','', '',10102, 50, '', '', 0, '', 1, 0, '0'),
(101020014,'光栅光谱仪(单色仪)','', '',10102, 50, '', '', 0, '', 1, 0, '0'),
(101020015,'圆二色光谱仪','', '',10102, 50, '', '', 0, '', 1, 0, '0'),
(101020016,'火焰光度计','', '',10102, 50, '', '', 0, '', 1, 0, '0'),
(101020017,'辉光放电光谱仪','', '',10102, 50, '', '', 0, '', 1, 0, '0'),
(101020018,'激光诱导击穿光谱仪（LIBS）','', '',10102, 50, '', '', 0, '', 1, 0, '0'),
(10103,'质谱','', '',101, 50, '', '', 0, '', 1, 0, '0'),
(101030001,'气质联用仪（GC-MS）','', '',10103, 50, '', '', 0, '', 1, 0, '0'),
(101030002,'液质联用仪（LC-MS）','', '',10103, 50, '', '', 0, '', 1, 0, '0'),
(101030003,'同位素质谱仪(IRMS)','', '',10103, 50, '', '', 0, '', 1, 0, '0'),
(101030004,'等离子体质谱仪（ICP-MS）','', '',10103, 50, '', '', 0, '', 1, 0, '0'),
(101030005,'生物质谱（MALDI-TOF）','', '',10103, 50, '', '', 0, '', 1, 0, '0'),
(101030006,'便携/车载式气质联用仪（GC-MS）','', '',10103, 50, '', '', 0, '', 1, 0, '0'),
(101030007,'氦质谱检漏仪','', '',10103, 50, '', '', 0, '', 1, 0, '0'),
(101030008,'二次离子质谱（SIMS）','', '',10103, 50, '', '', 0, '', 1, 0, '0'),
(101030009,'辉光放电质谱（GDMS）','', '',10103, 50, '', '', 0, '', 1, 0, '0'),
(10104,'X射线仪器','', '',101, 50, '', '', 0, '', 1, 0, '0'),
(101040001,'X射线衍射仪(XRD)','', '',10104, 50, '', '', 0, '', 1, 0, '0'),
(101040002,'能量色散型X荧光光谱仪（ED-XRF）','', '',10104, 50, '', '', 0, '', 1, 0, '0'),
(101040003,'波长色散性X荧光光谱仪（WD-XRF）','', '',10104, 50, '', '', 0, '', 1, 0, '0'),
(101040004,'X射线光电子能谱仪(XPS/ESCA)','', '',10104, 50, '', '', 0, '', 1, 0, '0'),
(101040005,'电子探针X射线显微分析仪(EPMA)','', '',10104, 50, '', '', 0, '', 1, 0, '0'),
(101040006,'X射线应力分析仪','', '',10104, 50, '', '', 0, '', 1, 0, '0'),
(101040007,'俄歇电子能谱（AES）','', '',10104, 50, '', '', 0, '', 1, 0, '0'),
(101040008,'X射线定向仪（X-RAY NDT）','', '',10104, 50, '', '', 0, '', 1, 0, '0'),
(10105,'电化学仪器','', '',101, 50, '', '', 0, '', 1, 0, '0'),
(101050001,'卡尔费休水分测定仪/卡氏水分测定仪','', '',10105, 50, '', '', 0, '', 1, 0, '0'),
(101050002,'PH计/酸度计','', '',10105, 50, '', '', 0, '', 1, 0, '0'),
(101050003,'极谱仪/伏安仪','', '',10105, 50, '', '', 0, '', 1, 0, '0'),
(101050004,'电化学工作站/恒电位仪','', '',10105, 50, '', '', 0, '', 1, 0, '0'),
(101050005,'自动电位滴定仪','', '',10105, 50, '', '', 0, '', 1, 0, '0'),
(101050006,'电导率仪/电导仪/盐度计','', '',10105, 50, '', '', 0, '', 1, 0, '0'),
(101050007,'库仑仪','', '',10105, 50, '', '', 0, '', 1, 0, '0'),
(101050008,'ORP测量仪','', '',10105, 50, '', '', 0, '', 1, 0, '0'),
(101050009,'石英晶体微天平','', '',10105, 50, '', '', 0, '', 1, 0, '0'),
(101050010,'腐蚀测试仪','', '',10105, 50, '', '', 0, '', 1, 0, '0'),
(10106,'元素分析仪器','', '',101, 50, '', '', 0, '', 1, 0, '0'),
(101060001,'碳硫分析仪/红外碳硫仪','', '',10106, 50, '', '', 0, '', 1, 0, '0'),
(101060002,'测汞仪','', '',10106, 50, '', '', 0, '', 1, 0, '0'),
(101060003,'定氮仪/蛋白测定仪','', '',10106, 50, '', '', 0, '', 1, 0, '0'),
(101060004,'有机元素分析仪','', '',10106, 50, '', '', 0, '', 1, 0, '0'),
(101060005,'硫氮分析仪','', '',10106, 50, '', '', 0, '', 1, 0, '0'),
(101060006,'氧氮分析仪/氧氮氢分析仪','', '',10106, 50, '', '', 0, '', 1, 0, '0'),
(101060007,'金属多元素分析仪','', '',10106, 50, '', '', 0, '', 1, 0, '0'),
(101060008,'钙铁煤分析仪','', '',10106, 50, '', '', 0, '', 1, 0, '0'),
(101060009,'碳硅分析仪','', '',10106, 50, '', '', 0, '', 1, 0, '0'),
(10107,'波谱','', '',101, 50, '', '', 0, '', 1, 0, '0'),
(101070001,'核磁共振(NMR)','', '',10107, 50, '', '', 0, '', 1, 0, '0'),
(101070002,'电子顺磁共振波谱仪(ESR)','', '',10107, 50, '', '', 0, '', 1, 0, '0'),
(10108,'水分测定仪','', '',101, 50, '', '', 0, '', 1, 0, '0'),
(101080001,'微波水分测定仪','', '',10108, 50, '', '', 0, '', 1, 0, '0'),
(101080002,'红外水份测定仪/卤素灯水份测定仪','', '',10108, 50, '', '', 0, '', 1, 0, '0'),
(101080003,'露点水分测定仪/露点仪','', '',10108, 50, '', '', 0, '', 1, 0, '0'),
(101080004,'电容水分测定仪/电阻水分测定仪','', '',10108, 50, '', '', 0, '', 1, 0, '0'),
(10109,'其它化学分析仪器','', '',101, 50, '', '', 0, '', 1, 0, '0'),
(101090001,'流动分析仪/流动注射分析仪','', '',10109, 50, '', '', 0, '', 1, 0, '0'),
(101090002,'感官智能分析系统（电子鼻/电子舌）','', '',10109, 50, '', '', 0, '', 1, 0, '0'),
(101090003,'离子迁移谱仪（IMS）','', '',10109, 50, '', '', 0, '', 1, 0, '0'),
(102,'生命科学仪器及设备','', '',1, 50, '', '', 0, '', 1, 0, '0'),
(10201,'分子生物学仪器','', '',102, 50, '', '', 0, '', 1, 0, '0'),
(102010001,'基因扩增仪(PCR)','', '',10201, 50, '', '', 0, '', 1, 0, '0'),
(102010002,'基因导入仪/细胞融合仪','', '',10201, 50, '', '', 0, '', 1, 0, '0'),
(102010003,'多肽合成仪','', '',10201, 50, '', '', 0, '', 1, 0, '0'),
(102010004,'DNA测序仪/基因测序仪','', '',10201, 50, '', '', 0, '', 1, 0, '0'),
(102010005,'蛋白质层析纯化系统','', '',10201, 50, '', '', 0, '', 1, 0, '0'),
(102010006,'流式细胞仪','', '',10201, 50, '', '', 0, '', 1, 0, '0'),
(102010007,'细胞计数器/细胞计数仪','', '',10201, 50, '', '', 0, '', 1, 0, '0'),
(102010008,'核酸分子杂交仪','', '',10201, 50, '', '', 0, '', 1, 0, '0'),
(102010009,'化学发光分析仪','', '',10201, 50, '', '', 0, '', 1, 0, '0'),
(102010010,'紫外分析仪/紫外检测仪/紫外透射仪','', '',10201, 50, '', '', 0, '', 1, 0, '0'),
(102010011,'凝胶电泳仪/电泳仪/电泳槽','', '',10201, 50, '', '', 0, '', 1, 0, '0'),
(102010012,'凝胶成像系统','', '',10201, 50, '', '', 0, '', 1, 0, '0'),
(102010013,'活体成像系统','', '',10201, 50, '', '', 0, '', 1, 0, '0'),
(102010014,'核酸纯化系统/核酸提取仪','', '',10201, 50, '', '', 0, '', 1, 0, '0'),
(102010015,'生物大分子相互作用仪/表面等离子体共振','', '',10201, 50, '', '', 0, '', 1, 0, '0'),
(102010016,'稀释器','', '',10201, 50, '', '', 0, '', 1, 0, '0'),
(102010017,'蛋白印迹仪','', '',10201, 50, '', '', 0, '', 1, 0, '0'),
(102010018,'微孔板热封仪','', '',10201, 50, '', '', 0, '', 1, 0, '0'),
(10202,'微生物检测仪器','', '',102, 50, '', '', 0, '', 1, 0, '0'),
(102020001,'菌落计数器、菌落分析仪','', '',10202, 50, '', '', 0, '', 1, 0, '0'),
(102020002,'微生物鉴定系统','', '',10202, 50, '', '', 0, '', 1, 0, '0'),
(102020003,'微生物检测系统/微生物快速检测系统','', '',10202, 50, '', '', 0, '', 1, 0, '0'),
(102020004,'接种仪','', '',10202, 50, '', '', 0, '', 1, 0, '0'),
(102020005,'大肠杆菌检测仪','', '',10202, 50, '', '', 0, '', 1, 0, '0'),
(102020006,'平板分装仪','', '',10202, 50, '', '', 0, '', 1, 0, '0'),
(10203,'植物生理生态仪器 ','', '',102, 50, '', '', 0, '', 1, 0, '0'),
(102030001,'水势仪','', '',10203, 50, '', '', 0, '', 1, 0, '0'),
(102030002,'叶绿素仪/叶绿素测定仪','', '',10203, 50, '', '', 0, '', 1, 0, '0'),
(102030003,'叶面积仪/叶面积测定仪','', '',10203, 50, '', '', 0, '', 1, 0, '0'),
(102030004,'光合仪/光合作用测定仪','', '',10203, 50, '', '', 0, '', 1, 0, '0'),
(102030005,'土壤碳通量测定系统','', '',10203, 50, '', '', 0, '', 1, 0, '0'),
(102030006,'植物荧光成像仪','', '',10203, 50, '', '', 0, '', 1, 0, '0'),
(102030007,'气孔计','', '',10203, 50, '', '', 0, '', 1, 0, '0'),
(102030008,'茎流计/茎流仪','', '',10203, 50, '', '', 0, '', 1, 0, '0'),
(102030009,'植物根系生长监测系统/植物根系生态监测系统','', '',10203, 50, '', '', 0, '', 1, 0, '0'),
(102030010,'冠层分析仪','', '',10203, 50, '', '', 0, '', 1, 0, '0'),
(102030011,'作物无损检测','', '',10203, 50, '', '', 0, '', 1, 0, '0'),
(10204,'动物实验仪器','', '',102, 50, '', '', 0, '', 1, 0, '0'),
(102040001,'动物呼吸机','', '',10204, 50, '', '', 0, '', 1, 0, '0'),
(102040002,'动物行为学研究仪器','', '',10204, 50, '', '', 0, '', 1, 0, '0'),
(102040003,'测痛仪','', '',10204, 50, '', '', 0, '', 1, 0, '0'),
(102040004,'脑立体定位仪','', '',10204, 50, '', '', 0, '', 1, 0, '0'),
(102040005,'动物麻醉机','', '',10204, 50, '', '', 0, '', 1, 0, '0'),
(102040006,'染毒装置','', '',10204, 50, '', '', 0, '', 1, 0, '0'),
(102040007,'动物代谢检测系统','', '',10204, 50, '', '', 0, '', 1, 0, '0'),
(10205,'临床检验仪器设备','', '',102, 50, '', '', 0, '', 1, 0, '0'),
(102050001,'酶标仪','', '',10205, 50, '', '', 0, '', 1, 0, '0'),
(102050002,'生化分析仪','', '',10205, 50, '', '', 0, '', 1, 0, '0'),
(102050003,'洗板机','', '',10205, 50, '', '', 0, '', 1, 0, '0'),
(102050004,'组织细胞染色机','', '',10205, 50, '', '', 0, '', 1, 0, '0'),
(102050005,'盖片机','', '',10205, 50, '', '', 0, '', 1, 0, '0'),
(10206,'生物工程设备','', '',102, 50, '', '', 0, '', 1, 0, '0'),
(102060001,'振荡器、摇床、混匀器','', '',10206, 50, '', '', 0, '', 1, 0, '0'),
(102060002,'发酵罐','', '',10206, 50, '', '', 0, '', 1, 0, '0'),
(102060003,'细胞反应器','', '',10206, 50, '', '', 0, '', 1, 0, '0'),
(102060004,'过滤器、超滤、微滤系统','', '',10206, 50, '', '', 0, '', 1, 0, '0'),
(102060005,'培养箱','', '',10206, 50, '', '', 0, '', 1, 0, '0'),
(102060006,'液氮罐','', '',10206, 50, '', '', 0, '', 1, 0, '0'),
(102060007,'转瓶机（细胞培养用）','', '',10206, 50, '', '', 0, '', 1, 0, '0'),
(102060008,'细胞破碎仪','', '',10206, 50, '', '', 0, '', 1, 0, '0'),
(10207,'生物芯片','', '',102, 50, '', '', 0, '', 1, 0, '0'),
(102070001,'芯片点样仪','', '',10207, 50, '', '', 0, '', 1, 0, '0'),
(102070002,'芯片杂交仪','', '',10207, 50, '', '', 0, '', 1, 0, '0'),
(102070003,'芯片洗干仪','', '',10207, 50, '', '', 0, '', 1, 0, '0'),
(102070004,'芯片扫描仪','', '',10207, 50, '', '', 0, '', 1, 0, '0'),
(103,'实验室通用设备','', '',1, 50, '', '', 0, '', 1, 0, '0'),
(10301,'清洗、消毒设备','', '',103, 50, '', '', 0, '', 1, 0, '0'),
(103010001,'超声波清洗器','', '',10301, 50, '', '', 0, '', 1, 0, '0'),
(103010002,'手消毒器','', '',10301, 50, '', '', 0, '', 1, 0, '0'),
(103010003,'手套箱','', '',10301, 50, '', '', 0, '', 1, 0, '0'),
(103010004,'等离子清洗器','', '',10301, 50, '', '', 0, '', 1, 0, '0'),
(103010005,'洗瓶机、清洗机','', '',10301, 50, '', '', 0, '', 1, 0, '0'),
(103010006,'本生灯','', '',10301, 50, '', '', 0, '', 1, 0, '0'),
(103010007,'高压灭菌器/高压灭菌锅','', '',10301, 50, '', '', 0, '', 1, 0, '0'),
(10302,'制样、消解设备','', '',103, 50, '', '', 0, '', 1, 0, '0'),
(103020001,'切割机','', '',10302, 50, '', '', 0, '', 1, 0, '0'),
(103020002,'切片机','', '',10302, 50, '', '', 0, '', 1, 0, '0'),
(103020003,'压片机','', '',10302, 50, '', '', 0, '', 1, 0, '0'),
(103020004,'微波消解','', '',10302, 50, '', '', 0, '', 1, 0, '0'),
(103020005,'抛光机/磨抛机/磨样机','', '',10302, 50, '', '', 0, '', 1, 0, '0'),
(103020006,'熔样机','', '',10302, 50, '', '', 0, '', 1, 0, '0'),
(103020007,'电热消解仪/消化炉','', '',10302, 50, '', '', 0, '', 1, 0, '0'),
(103020008,'离子溅射仪','', '',10302, 50, '', '', 0, '', 1, 0, '0'),
(103020009,'缺口制样机','', '',10302, 50, '', '', 0, '', 1, 0, '0'),
(103020010,'电子束刻蚀系统','', '',10302, 50, '', '', 0, '', 1, 0, '0'),
(103020011,'电热板','', '',10302, 50, '', '', 0, '', 1, 0, '0'),
(103020012,'离子减薄仪','', '',10302, 50, '', '', 0, '', 1, 0, '0'),
(103020013,'组织处理仪','', '',10302, 50, '', '', 0, '', 1, 0, '0'),
(103020014,'镶嵌机/镶样机','', '',10302, 50, '', '', 0, '', 1, 0, '0'),
(103020015,'等离子体表面处理仪','', '',10302, 50, '', '', 0, '', 1, 0, '0'),
(10303,'分离、萃取设备','', '',103, 50, '', '', 0, '', 1, 0, '0'),
(103030001,'离心机','', '',10303, 50, '', '', 0, '', 1, 0, '0'),
(103030002,'固相萃取装置（SPE）','', '',10303, 50, '', '', 0, '', 1, 0, '0'),
(103030003,'快速溶剂萃取设备','', '',10303, 50, '', '', 0, '', 1, 0, '0'),
(103030004,'微波萃取设备','', '',10303, 50, '', '', 0, '', 1, 0, '0'),
(103030005,'超临界萃取设备','', '',10303, 50, '', '', 0, '', 1, 0, '0'),
(103030006,'抽提萃取仪/索氏提取仪/脂肪测定仪','', '',10303, 50, '', '', 0, '', 1, 0, '0'),
(103030007,'超声波萃取仪','', '',10303, 50, '', '', 0, '', 1, 0, '0'),
(10304,'纯化设备','', '',103, 50, '', '', 0, '', 1, 0, '0'),
(103040001,'旋转蒸发仪','', '',10304, 50, '', '', 0, '', 1, 0, '0'),
(103040002,'纯水器','', '',10304, 50, '', '', 0, '', 1, 0, '0'),
(103040003,'凝胶净化系统（GPC）','', '',10304, 50, '', '', 0, '', 1, 0, '0'),
(103040004,'氮气吹干仪/氮吹仪','', '',10304, 50, '', '', 0, '', 1, 0, '0'),
(103040005,'浓缩仪','', '',10304, 50, '', '', 0, '', 1, 0, '0'),
(103040006,'蒸馏器','', '',10304, 50, '', '', 0, '', 1, 0, '0'),
(103040007,'分子蒸馏仪','', '',10304, 50, '', '', 0, '', 1, 0, '0'),
(103040008,'废气废水处理设备','', '',10304, 50, '', '', 0, '', 1, 0, '0'),
(10305,'混合、分散设备','', '',103, 50, '', '', 0, '', 1, 0, '0'),
(103050001,'均质器/均质机/乳化机/匀浆机','', '',10305, 50, '', '', 0, '', 1, 0, '0'),
(103050002,'搅拌器','', '',10305, 50, '', '', 0, '', 1, 0, '0'),
(103050003,'分散机','', '',10305, 50, '', '', 0, '', 1, 0, '0'),
(103050004,'旋涡混合器','', '',10305, 50, '', '', 0, '', 1, 0, '0'),
(103050005,'粉碎机、研磨机、研磨仪、球磨机','', '',10305, 50, '', '', 0, '', 1, 0, '0'),
(10306,'恒温、加热、干燥设备','', '',103, 50, '', '', 0, '', 1, 0, '0'),
(103060001,'烘箱、干燥箱','', '',10306, 50, '', '', 0, '', 1, 0, '0'),
(103060002,'水浴、油浴、恒温槽','', '',10306, 50, '', '', 0, '', 1, 0, '0'),
(103060003,'马弗炉/电阻炉','', '',10306, 50, '', '', 0, '', 1, 0, '0'),
(103060004,'喷雾干燥机','', '',10306, 50, '', '', 0, '', 1, 0, '0'),
(103060005,'金属浴','', '',10306, 50, '', '', 0, '', 1, 0, '0'),
(103060006,'除湿机','', '',10306, 50, '', '', 0, '', 1, 0, '0'),
(103060007,'灰分测定仪','', '',10306, 50, '', '', 0, '', 1, 0, '0'),
(103060008,'电热套','', '',10306, 50, '', '', 0, '', 1, 0, '0'),
(10307,'合成、反应设备','', '',103, 50, '', '', 0, '', 1, 0, '0'),
(103070001,'反应釜','', '',10307, 50, '', '', 0, '', 1, 0, '0'),
(103070002,'微波合成仪','', '',10307, 50, '', '', 0, '', 1, 0, '0'),
(103070003,'化学合成仪','', '',10307, 50, '', '', 0, '', 1, 0, '0'),
(10308,'制冷设备','', '',103, 50, '', '', 0, '', 1, 0, '0'),
(103080001,'冷冻干燥机/冻干机','', '',10308, 50, '', '', 0, '', 1, 0, '0'),
(103080002,'超低温冰箱','', '',10308, 50, '', '', 0, '', 1, 0, '0'),
(103080003,'制冰机/雪花制冰机','', '',10308, 50, '', '', 0, '', 1, 0, '0'),
(103080004,'冷水机/冷却循环水机','', '',10308, 50, '', '', 0, '', 1, 0, '0'),
(103080005,'层析冷柜','', '',10308, 50, '', '', 0, '', 1, 0, '0'),
(103080006,'低温恒温器','', '',10308, 50, '', '', 0, '', 1, 0, '0'),
(10309,'气体发生器/气体处理','', '',103, 50, '', '', 0, '', 1, 0, '0'),
(103090001,'脱气机','', '',10309, 50, '', '', 0, '', 1, 0, '0'),
(103090002,'空气压缩机','', '',10309, 50, '', '', 0, '', 1, 0, '0'),
(103090003,'空气发生器','', '',10309, 50, '', '', 0, '', 1, 0, '0'),
(103090004,'氮氢空一体机','', '',10309, 50, '', '', 0, '', 1, 0, '0'),
(103090005,'氢空一体机','', '',10309, 50, '', '', 0, '', 1, 0, '0'),
(103090006,'氢气发生器','', '',10309, 50, '', '', 0, '', 1, 0, '0'),
(103090007,'二氧化氯发生器','', '',10309, 50, '', '', 0, '', 1, 0, '0'),
(103090008,'氮气发生器','', '',10309, 50, '', '', 0, '', 1, 0, '0'),
(103090009,'气体净化器','', '',10309, 50, '', '', 0, '', 1, 0, '0'),
(10310,'其它实验室常用设备','', '',103, 50, '', '', 0, '', 1, 0, '0'),
(103100001,'镀膜机','', '',10310, 50, '', '', 0, '', 1, 0, '0'),
(103100002,'仪器专用电源','', '',10310, 50, '', '', 0, '', 1, 0, '0'),
(103100003,'真空泵','', '',10310, 50, '', '', 0, '', 1, 0, '0'),
(103100004,'蠕动泵、注射泵','', '',10310, 50, '', '', 0, '', 1, 0, '0'),
(103100005,'恒流泵、柱塞泵','', '',10310, 50, '', '', 0, '', 1, 0, '0'),
(103100006,'液体处理工作站/移液工作站','', '',10310, 50, '', '', 0, '', 1, 0, '0'),
(103100007,'瓶口分配器/瓶口分液器','', '',10310, 50, '', '', 0, '', 1, 0, '0'),
(103100008,'移液器/移液枪','', '',10310, 50, '', '', 0, '', 1, 0, '0'),
(103100009,'滴定器/电子滴定器','', '',10310, 50, '', '', 0, '', 1, 0, '0'),
(104,'环境检测/监测仪器','', '',1, 50, '', '', 0, '', 1, 0, '0'),
(10401,'水质分析仪','', '',104, 50, '', '', 0, '', 1, 0, '0'),
(104010001,'水质采样器','', '',10401, 50, '', '', 0, '', 1, 0, '0'),
(104010002,'水质多参数测定仪器','', '',10401, 50, '', '', 0, '', 1, 0, '0'),
(104010003,'COD测定仪','', '',10401, 50, '', '', 0, '', 1, 0, '0'),
(104010004,'BOD测定仪','', '',10401, 50, '', '', 0, '', 1, 0, '0'),
(104010005,'测油仪','', '',10401, 50, '', '', 0, '', 1, 0, '0'),
(104010006,'溶解氧测定仪/溶氧仪','', '',10401, 50, '', '', 0, '', 1, 0, '0'),
(104010007,'TOC分析仪/总有机碳分析仪','', '',10401, 50, '', '', 0, '', 1, 0, '0'),
(104010008,'总磷测定仪','', '',10401, 50, '', '', 0, '', 1, 0, '0'),
(104010009,'总氮测定仪','', '',10401, 50, '', '', 0, '', 1, 0, '0'),
(104010010,'氨氮测定仪','', '',10401, 50, '', '', 0, '', 1, 0, '0'),
(104010011,'氰化物测定仪','', '',10401, 50, '', '', 0, '', 1, 0, '0'),
(104010012,'余氯测定仪、二氧化氯测定仪','', '',10401, 50, '', '', 0, '', 1, 0, '0'),
(104010013,'离子检测仪','', '',10401, 50, '', '', 0, '', 1, 0, '0'),
(104010014,'污泥检测仪/界面计','', '',10401, 50, '', '', 0, '', 1, 0, '0'),
(104010015,'磷酸根监测仪、硅酸根监测仪','', '',10401, 50, '', '', 0, '', 1, 0, '0'),
(104010016,'悬浮物测定仪','', '',10401, 50, '', '', 0, '', 1, 0, '0'),
(104010017,'水质毒性分析仪','', '',10401, 50, '', '', 0, '', 1, 0, '0'),
(104010018,'藻类计数仪、浮游动植物计数框','', '',10401, 50, '', '', 0, '', 1, 0, '0'),
(104010019,'水质重金属检测仪','', '',10401, 50, '', '', 0, '', 1, 0, '0'),
(104010020,'水质卤素分析仪','', '',10401, 50, '', '', 0, '', 1, 0, '0'),
(104010021,'高锰酸盐指数测定仪（CODMn）','', '',10401, 50, '', '', 0, '', 1, 0, '0'),
(104010022,'挥发酚测定仪','', '',10401, 50, '', '', 0, '', 1, 0, '0'),
(104010023,'叶绿素a、藻类分析仪','', '',10401, 50, '', '', 0, '', 1, 0, '0'),
(104010024,'水质五常规参数监测仪','', '',10401, 50, '', '', 0, '', 1, 0, '0'),
(104010025,'水中挥发性有机物（VOC）监测仪','', '',10401, 50, '', '', 0, '', 1, 0, '0'),
(104010026,'COD消解仪','', '',10401, 50, '', '', 0, '', 1, 0, '0'),
(104010027,'硫化物测定仪','', '',10401, 50, '', '', 0, '', 1, 0, '0'),
(10402,'气体检测仪器','', '',104, 50, '', '', 0, '', 1, 0, '0'),
(104020001,'气体采样器/大气采样器','', '',10402, 50, '', '', 0, '', 1, 0, '0'),
(104020002,'空气微生物采样器','', '',10402, 50, '', '', 0, '', 1, 0, '0'),
(104020003,'大气颗粒物采样器','', '',10402, 50, '', '', 0, '', 1, 0, '0'),
(104020004,'PM10、PM2.5、PM1.0、TSP大气颗粒物监测仪','', '',10402, 50, '', '', 0, '', 1, 0, '0'),
(104020005,'粒子计数器','', '',10402, 50, '', '', 0, '', 1, 0, '0'),
(104020006,'粉尘采样器','', '',10402, 50, '', '', 0, '', 1, 0, '0'),
(104020007,'粉尘测定仪/粉尘仪','', '',10402, 50, '', '', 0, '', 1, 0, '0'),
(104020008,'烟尘采样器/烟气采样器','', '',10402, 50, '', '', 0, '', 1, 0, '0'),
(104020009,'烟气分析仪/烟气监测(CEMS)','', '',10402, 50, '', '', 0, '', 1, 0, '0'),
(104020010,'烟气汞连续监测系统（Hg-CEMS系统）','', '',10402, 50, '', '', 0, '', 1, 0, '0'),
(104020011,'汽车尾气分析仪','', '',10402, 50, '', '', 0, '', 1, 0, '0'),
(104020012,'CO2检测仪、CO检测仪、SO2检测仪、HCL检测仪、NOX检测仪、空气检测仪','', '',10402, 50, '', '', 0, '', 1, 0, '0'),
(104020013,'恶臭测定仪','', '',10402, 50, '', '', 0, '', 1, 0, '0'),
(104020014,'VOC检测仪、TVOC检测仪','', '',10402, 50, '', '', 0, '', 1, 0, '0'),
(104020015,'甲醛检测仪/甲醛分析仪','', '',10402, 50, '', '', 0, '', 1, 0, '0'),
(104020016,'气溶胶检测仪器','', '',10402, 50, '', '', 0, '', 1, 0, '0'),
(104020017,'氨气分析仪/氨分析仪','', '',10402, 50, '', '', 0, '', 1, 0, '0'),
(104020018,'臭氧分析仪（O3）','', '',10402, 50, '', '', 0, '', 1, 0, '0'),
(104020019,'二噁英采样器','', '',10402, 50, '', '', 0, '', 1, 0, '0'),
(104020020,'气体稀释仪','', '',10402, 50, '', '', 0, '', 1, 0, '0'),
(104020021,'酸雨采样器','', '',10402, 50, '', '', 0, '', 1, 0, '0'),
(104020022,'灰霾监测系统','', '',10402, 50, '', '', 0, '', 1, 0, '0'),
(104020023,'激光雷达气体监测系统','', '',10402, 50, '', '', 0, '', 1, 0, '0'),
(104020024,'空气质量自动监测系统','', '',10402, 50, '', '', 0, '', 1, 0, '0'),
(104020025,'太阳光度计','', '',10402, 50, '', '', 0, '', 1, 0, '0'),
(104020026,'零气发生器','', '',10402, 50, '', '', 0, '', 1, 0, '0'),
(104020027,'高纯气/特气分析系统','', '',10402, 50, '', '', 0, '', 1, 0, '0'),
(104020028,'气体报警器/气体探测器/气体传感器','', '',10402, 50, '', '', 0, '', 1, 0, '0'),
(10403,'在线分析及过程控制仪器','', '',104, 50, '', '', 0, '', 1, 0, '0'),
(104030001,'在线电导率仪','', '',10403, 50, '', '', 0, '', 1, 0, '0'),
(104030002,'在线pH计','', '',10403, 50, '', '', 0, '', 1, 0, '0'),
(104030003,'在线质谱/过程质谱/工业质谱 ','', '',10403, 50, '', '', 0, '', 1, 0, '0'),
(104030004,'在线氧分析仪','', '',10403, 50, '', '', 0, '', 1, 0, '0'),
(104030005,'在线核磁','', '',10403, 50, '', '', 0, '', 1, 0, '0'),
(104030006,'在线流量计/在线流速仪/在线测漏仪','', '',10403, 50, '', '', 0, '', 1, 0, '0'),
(104030007,'在线气相色谱/工业气相色谱','', '',10403, 50, '', '', 0, '', 1, 0, '0'),
(104030008,'在线粘度计','', '',10403, 50, '', '', 0, '', 1, 0, '0'),
(104030009,'在线粒度仪','', '',10403, 50, '', '', 0, '', 1, 0, '0'),
(104030010,'液位计/料位计/物位计','', '',10403, 50, '', '', 0, '', 1, 0, '0'),
(104030011,'压力计/压力表/压力变送器','', '',10403, 50, '', '', 0, '', 1, 0, '0'),
(104030012,'氧分析仪/氧气分析仪','', '',10403, 50, '', '', 0, '', 1, 0, '0'),
(104030013,'氢分析仪','', '',10403, 50, '', '', 0, '', 1, 0, '0'),
(104030014,'在线折射仪','', '',10403, 50, '', '', 0, '', 1, 0, '0'),
(104030015,'水质在线自动监测系统','', '',10403, 50, '', '', 0, '', 1, 0, '0'),
(10404,'其它环境分析仪器','', '',104, 50, '', '', 0, '', 1, 0, '0'),
(104040001,'场强仪/电磁场强分析仪','', '',10404, 50, '', '', 0, '', 1, 0, '0'),
(104040002,'辐射仪/射线检测仪','', '',10404, 50, '', '', 0, '', 1, 0, '0'),
(104040003,'测氡仪','', '',10404, 50, '', '', 0, '', 1, 0, '0'),
(104040004,'声级计/噪声监测仪','', '',10404, 50, '', '', 0, '', 1, 0, '0'),
(104040005,'环境振动仪','', '',10404, 50, '', '', 0, '', 1, 0, '0'),
(104040006,'风速仪/风量计','', '',10404, 50, '', '', 0, '', 1, 0, '0'),
(104040007,'大气多功能测量仪','', '',10404, 50, '', '', 0, '', 1, 0, '0'),
(104040008,'空气负离子检测仪','', '',10404, 50, '', '', 0, '', 1, 0, '0'),
(104040009,'照度计','', '',10404, 50, '', '', 0, '', 1, 0, '0'),
(104040010,'固体废弃物毒性浸出设备','', '',10404, 50, '', '', 0, '', 1, 0, '0'),
(104040011,'气象站','', '',10404, 50, '', '', 0, '', 1, 0, '0'),
(105,'物性分析仪器','', '',1, 50, '', '', 0, '', 1, 0, '0'),
(10501,'粒度、颗粒、粉末分析仪器','', '',105, 50, '', '', 0, '', 1, 0, '0'),
(105010001,'激光光散射仪','', '',10501, 50, '', '', 0, '', 1, 0, '0'),
(105010002,'Zeta电位仪/微电泳仪','', '',10501, 50, '', '', 0, '', 1, 0, '0'),
(105010003,'激光粒度仪/纳米粒度仪','', '',10501, 50, '', '', 0, '', 1, 0, '0'),
(105010004,'筛分仪','', '',10501, 50, '', '', 0, '', 1, 0, '0'),
(105010005,'分样器/分样仪','', '',10501, 50, '', '', 0, '', 1, 0, '0'),
(105010006,'沉降粒度仪/沉降天平','', '',10501, 50, '', '', 0, '', 1, 0, '0'),
(105010007,'颗粒计数器','', '',10501, 50, '', '', 0, '', 1, 0, '0'),
(105010008,'粉末流动性测试仪','', '',10501, 50, '', '', 0, '', 1, 0, '0'),
(10502,'显微镜','', '',105, 50, '', '', 0, '', 1, 0, '0'),
(105020001,'扫描电镜（SEM）','', '',10502, 50, '', '', 0, '', 1, 0, '0'),
(105020002,'扫描探针显微镜/原子力显微镜（SPM）','', '',10502, 50, '', '', 0, '', 1, 0, '0'),
(105020003,'X射线能谱仪(EDS)','', '',10502, 50, '', '', 0, '', 1, 0, '0'),
(105020004,'透射电子显微镜/透射电镜(TEM）','', '',10502, 50, '', '', 0, '', 1, 0, '0'),
(105020005,'电子背散射衍射系统（EBSD）','', '',10502, 50, '', '', 0, '', 1, 0, '0'),
(105020006,'金相显微镜','', '',10502, 50, '', '', 0, '', 1, 0, '0'),
(105020007,'立体显微镜/体视显微镜','', '',10502, 50, '', '', 0, '', 1, 0, '0'),
(105020008,'偏光显微镜','', '',10502, 50, '', '', 0, '', 1, 0, '0'),
(105020009,'生物显微镜','', '',10502, 50, '', '', 0, '', 1, 0, '0'),
(105020010,'视频显微镜/电视显微镜','', '',10502, 50, '', '', 0, '', 1, 0, '0'),
(105020011,'荧光显微镜','', '',10502, 50, '', '', 0, '', 1, 0, '0'),
(105020012,'红外显微镜','', '',10502, 50, '', '', 0, '', 1, 0, '0'),
(105020013,'激光共聚焦显微镜','', '',10502, 50, '', '', 0, '', 1, 0, '0'),
(105020014,'工具显微镜/测量显微镜','', '',10502, 50, '', '', 0, '', 1, 0, '0'),
(105020015,'数码显微镜/数字显微镜/照相显微镜/摄像显微镜(CCD)','', '',10502, 50, '', '', 0, '', 1, 0, '0'),
(105020016,'比较显微镜/比对显微镜','', '',10502, 50, '', '', 0, '', 1, 0, '0'),
(105020017,'立体放大镜','', '',10502, 50, '', '', 0, '', 1, 0, '0'),
(10503,'热分析仪器','', '',105, 50, '', '', 0, '', 1, 0, '0'),
(105030001,'热重分析仪/热天平（TGA）','', '',10503, 50, '', '', 0, '', 1, 0, '0'),
(105030002,'差示扫描量热仪(DSC/DTA)','', '',10503, 50, '', '', 0, '', 1, 0, '0'),
(105030003,'动态热机械分析仪（DMA/TMA/DMTA）','', '',10503, 50, '', '', 0, '', 1, 0, '0'),
(105030004,'热膨胀仪','', '',10503, 50, '', '', 0, '', 1, 0, '0'),
(105030005,'同步热分析仪（STA）','', '',10503, 50, '', '', 0, '', 1, 0, '0'),
(105030006,'导热仪/热导仪','', '',10503, 50, '', '', 0, '', 1, 0, '0'),
(105030007,'熔点仪','', '',10503, 50, '', '', 0, '', 1, 0, '0'),
(10504,'光学仪器','', '',105, 50, '', '', 0, '', 1, 0, '0'),
(105040001,'高光谱成像仪','', '',10504, 50, '', '', 0, '', 1, 0, '0'),
(105040002,'折光仪/折射仪','', '',10504, 50, '', '', 0, '', 1, 0, '0'),
(105040003,'光度仪/雾度仪/光泽度仪','', '',10504, 50, '', '', 0, '', 1, 0, '0'),
(105040004,'盐度计','', '',10504, 50, '', '', 0, '', 1, 0, '0'),
(105040005,'旋光仪','', '',10504, 50, '', '', 0, '', 1, 0, '0'),
(105040006,'浊度计/浊度仪','', '',10504, 50, '', '', 0, '', 1, 0, '0'),
(105040007,'色差仪/测色仪','', '',10504, 50, '', '', 0, '', 1, 0, '0'),
(105040008,'比色计','', '',10504, 50, '', '', 0, '', 1, 0, '0'),
(105040009,'偏振仪','', '',10504, 50, '', '', 0, '', 1, 0, '0'),
(105040010,'糖度仪','', '',10504, 50, '', '', 0, '', 1, 0, '0'),
(105040011,'椭偏仪','', '',10504, 50, '', '', 0, '', 1, 0, '0'),
(105040012,'色度仪','', '',10504, 50, '', '', 0, '', 1, 0, '0'),
(105040013,'条码检测仪','', '',10504, 50, '', '', 0, '', 1, 0, '0'),
(105040014,'白度仪/白度计','', '',10504, 50, '', '', 0, '', 1, 0, '0'),
(105040015,'激光器','', '',10504, 50, '', '', 0, '', 1, 0, '0'),
(105040016,'对色灯箱/标准光源箱','', '',10504, 50, '', '', 0, '', 1, 0, '0'),
(105040017,'光学镊子','', '',10504, 50, '', '', 0, '', 1, 0, '0'),
(105040018,'光学仪器组件','', '',10504, 50, '', '', 0, '', 1, 0, '0'),
(105040019,'位移台','', '',10504, 50, '', '', 0, '', 1, 0, '0'),
(105040020,'光学平台百','', '',10504, 50, '', '', 0, '', 1, 0, '0'),
(105040021,'光源','', '',10504, 50, '', '', 0, '', 1, 0, '0'),
(10505,'计量仪器','', '',105, 50, '', '', 0, '', 1, 0, '0'),
(105050001,'天平、衡器、秤','', '',10505, 50, '', '', 0, '', 1, 0, '0'),
(105050002,'红外测温仪','', '',10505, 50, '', '', 0, '', 1, 0, '0'),
(105050003,'温度计/测温计','', '',10505, 50, '', '', 0, '', 1, 0, '0'),
(105050004,'温度记录仪/温度验证系统','', '',10505, 50, '', '', 0, '', 1, 0, '0'),
(105050005,'红外热像仪','', '',10505, 50, '', '', 0, '', 1, 0, '0'),
(105050006,'三坐标测量机','', '',10505, 50, '', '', 0, '', 1, 0, '0'),
(105050007,'测距仪','', '',10505, 50, '', '', 0, '', 1, 0, '0'),
(105050008,'激光干涉仪','', '',10505, 50, '', '', 0, '', 1, 0, '0'),
(105050009,'投影仪','', '',10505, 50, '', '', 0, '', 1, 0, '0'),
(105050010,'CNC影像测量仪','', '',10505, 50, '', '', 0, '', 1, 0, '0'),
(105050011,'圆度仪/圆柱度仪','', '',10505, 50, '', '', 0, '', 1, 0, '0'),
(105050012,'台阶仪','', '',10505, 50, '', '', 0, '', 1, 0, '0'),
(105050013,'轮廓仪/粗糙度仪','', '',10505, 50, '', '', 0, '', 1, 0, '0'),
(105050014,'测振仪','', '',10505, 50, '', '', 0, '', 1, 0, '0'),
(105050015,'无线电计量仪器','', '',10505, 50, '', '', 0, '', 1, 0, '0'),
(105050016,'数据采集器','', '',10505, 50, '', '', 0, '', 1, 0, '0'),
(105050017,'在机测量','', '',10505, 50, '', '', 0, '', 1, 0, '0'),
(105050018,'激光跟踪仪','', '',10505, 50, '', '', 0, '', 1, 0, '0'),
(105050019,'水位计/水位传感器','', '',10505, 50, '', '', 0, '', 1, 0, '0'),
(105050020,'雨量计','', '',10505, 50, '', '', 0, '', 1, 0, '0'),
(105050021,'粒子图像测速仪(PIV)','', '',10505, 50, '', '', 0, '', 1, 0, '0'),
(10506,'试验机','', '',105, 50, '', '', 0, '', 1, 0, '0'),
(105060001,'万能试验机','', '',10506, 50, '', '', 0, '', 1, 0, '0'),
(105060002,'拉力试验机','', '',10506, 50, '', '', 0, '', 1, 0, '0'),
(105060003,'压力试验机','', '',10506, 50, '', '', 0, '', 1, 0, '0'),
(105060004,'冲击试验机','', '',10506, 50, '', '', 0, '', 1, 0, '0'),
(105060005,'扭转试验机/弯曲试验机','', '',10506, 50, '', '', 0, '', 1, 0, '0'),
(105060006,'疲劳试验机','', '',10506, 50, '', '', 0, '', 1, 0, '0'),
(105060007,'摩擦磨损试验机/摩擦试验机/磨损试验机','', '',10506, 50, '', '', 0, '', 1, 0, '0'),
(105060008,'弹簧试验机','', '',10506, 50, '', '', 0, '', 1, 0, '0'),
(105060009,'平衡机','', '',10506, 50, '', '', 0, '', 1, 0, '0'),
(105060010,'振动台','', '',10506, 50, '', '', 0, '', 1, 0, '0'),
(105060011,'弹性模量/、阻尼分析仪','', '',10506, 50, '', '', 0, '', 1, 0, '0'),
(105060012,'跌落试验机','', '',10506, 50, '', '', 0, '', 1, 0, '0'),
(105060013,'引伸计','', '',10506, 50, '', '', 0, '', 1, 0, '0'),
(105060014,'杯突试验机','', '',10506, 50, '', '', 0, '', 1, 0, '0'),
(105060015,'电压击穿试验','', '',10506, 50, '', '', 0, '', 1, 0, '0'),
(105060016,'持久蠕变试验','', '',10506, 50, '', '', 0, '', 1, 0, '0'),
(105060017,'抗折试验机','', '',10506, 50, '', '', 0, '', 1, 0, '0'),
(105060018,'柔软度试验机','', '',10506, 50, '', '', 0, '', 1, 0, '0'),
(105060019,'加速度计','', '',10506, 50, '', '', 0, '', 1, 0, '0'),
(105060020,'冲击试验缺口拉床','', '',10506, 50, '', '', 0, '', 1, 0, '0'),
(105060021,'冲击试验缺口投影','', '',10506, 50, '', '', 0, '', 1, 0, '0'),
(105060022,'冲击台','', '',10506, 50, '', '', 0, '', 1, 0, '0'),
(105060023,'碰撞台','', '',10506, 50, '', '', 0, '', 1, 0, '0'),
(10507,'表面界面测试仪器','', '',105, 50, '', '', 0, '', 1, 0, '0'),
(105070001,'LB膜分析仪','', '',10507, 50, '', '', 0, '', 1, 0, '0'),
(105070002,'物理吸附仪/比表面积孔径分析仪','', '',10507, 50, '', '', 0, '', 1, 0, '0'),
(105070003,'蒸汽吸附仪/蒸气吸附仪','', '',10507, 50, '', '', 0, '', 1, 0, '0'),
(105070004,'表面张力仪/界面张力仪','', '',10507, 50, '', '', 0, '', 1, 0, '0'),
(105070005,'(高压)化学吸附仪','', '',10507, 50, '', '', 0, '', 1, 0, '0'),
(105070006,'压汞仪','', '',10507, 50, '', '', 0, '', 1, 0, '0'),
(105070007,'接触角测定仪','', '',10507, 50, '', '', 0, '', 1, 0, '0'),
(105070008,'纳米压痕仪','', '',10507, 50, '', '', 0, '', 1, 0, '0'),
(105070009,'泡沫分析仪','', '',10507, 50, '', '', 0, '', 1, 0, '0'),
(10508,'环境试验箱','', '',105, 50, '', '', 0, '', 1, 0, '0'),
(105080001,'盐雾试验箱/盐雾试验机/盐雾腐蚀试验箱','', '',10508, 50, '', '', 0, '', 1, 0, '0'),
(105080002,'高低温交变湿热试验箱','', '',10508, 50, '', '', 0, '', 1, 0, '0'),
(105080003,'恒温恒湿试验箱','', '',10508, 50, '', '', 0, '', 1, 0, '0'),
(105080004,'紫外老化试验箱/紫外耐候试验箱','', '',10508, 50, '', '', 0, '', 1, 0, '0'),
(105080005,'高低温冲击试验箱/冷热冲击试验箱','', '',10508, 50, '', '', 0, '', 1, 0, '0'),
(105080006,'砂尘试验箱','', '',10508, 50, '', '', 0, '', 1, 0, '0'),
(105080007,'氙灯耐气候试验箱/氙灯老化试验箱','', '',10508, 50, '', '', 0, '', 1, 0, '0'),
(105080008,'淋雨试验箱/淋雨试验装置','', '',10508, 50, '', '', 0, '', 1, 0, '0'),
(105080009,'步入式试验箱/步入式实验室','', '',10508, 50, '', '', 0, '', 1, 0, '0'),
(105080010,'臭氧老化试验箱','', '',10508, 50, '', '', 0, '', 1, 0, '0'),
(105080011,'高温老化试验箱/热老化试验箱','', '',10508, 50, '', '', 0, '', 1, 0, '0'),
(105080012,'低温试验箱','', '',10508, 50, '', '', 0, '', 1, 0, '0'),
(10509,'无损检测/无损探伤仪器','', '',105, 50, '', '', 0, '', 1, 0, '0'),
(105090001,'金属检测机','', '',10509, 50, '', '', 0, '', 1, 0, '0'),
(105090002,'X射线探伤仪','', '',10509, 50, '', '', 0, '', 1, 0, '0'),
(105090003,'X射线实时成像检测系统','', '',10509, 50, '', '', 0, '', 1, 0, '0'),
(105090004,'计算机断层成像技术(工业CT/ICT)','', '',10509, 50, '', '', 0, '', 1, 0, '0'),
(105090005,'超声波探伤仪','', '',10509, 50, '', '', 0, '', 1, 0, '0'),
(105090006,'涡流探伤仪','', '',10509, 50, '', '', 0, '', 1, 0, '0'),
(105090007,'磁粉探伤仪','', '',10509, 50, '', '', 0, '', 1, 0, '0'),
(105090008,'内窥镜','', '',10509, 50, '', '', 0, '', 1, 0, '0'),
(10510,'测厚仪','', '',105, 50, '', '', 0, '', 1, 0, '0'),
(105100001,'X射线荧光测厚仪','', '',10510, 50, '', '', 0, '', 1, 0, '0'),
(105100002,'电涡流式测厚仪','', '',10510, 50, '', '', 0, '', 1, 0, '0'),
(105100003,'白光干涉测厚仪','', '',10510, 50, '', '', 0, '', 1, 0, '0'),
(105100004,'超声波测厚仪','', '',10510, 50, '', '', 0, '', 1, 0, '0'),
(105100005,'电解式测厚仪','', '',10510, 50, '', '', 0, '', 1, 0, '0'),
(105100006,'压力测厚仪','', '',10510, 50, '', '', 0, '', 1, 0, '0'),
(105100007,'在线测厚仪','', '',10510, 50, '', '', 0, '', 1, 0, '0'),
(10511,'燃烧测定仪器','', '',105, 50, '', '', 0, '', 1, 0, '0'),
(105110001,'燃烧试验箱','', '',10511, 50, '', '', 0, '', 1, 0, '0'),
(105110002,'氧指数测定仪','', '',10511, 50, '', '', 0, '', 1, 0, '0'),
(105110003,'烟密度箱/烟密度测试箱','', '',10511, 50, '', '', 0, '', 1, 0, '0'),
(105110004,'锥形量热仪','', '',10511, 50, '', '', 0, '', 1, 0, '0'),
(10512,'其它物性仪器','', '',105, 50, '', '', 0, '', 1, 0, '0'),
(105120001,'温湿度计','', '',10512, 50, '', '', 0, '', 1, 0, '0'),
(105120002,'密度计/密度仪','', '',10512, 50, '', '', 0, '', 1, 0, '0'),
(105120003,'硬度计','', '',10512, 50, '', '', 0, '', 1, 0, '0'),
(105120004,'介电常数测定仪','', '',10512, 50, '', '', 0, '', 1, 0, '0'),
(105120005,'流变仪','', '',10512, 50, '', '', 0, '', 1, 0, '0'),
(105120006,'粘度计','', '',10512, 50, '', '', 0, '', 1, 0, '0'),
(105120007,'信号采集与处理','', '',10512, 50, '', '', 0, '', 1, 0, '0'),
(105120008,'锁相放大器','', '',10512, 50, '', '', 0, '', 1, 0, '0'),
(105120009,'继电保护测试仪','', '',10512, 50, '', '', 0, '', 1, 0, '0'),
(105120010,'光学类仪表','', '',10512, 50, '', '', 0, '', 1, 0, '0'),
(105120011,'智能仪器','', '',10512, 50, '', '', 0, '', 1, 0, '0'),
(105120012,'微波、电、磁学量的测量仪表','', '',10512, 50, '', '', 0, '', 1, 0, '0'),
(105120013,'精密仪表','', '',10512, 50, '', '', 0, '', 1, 0, '0'),
(105120014,'工业现场总线','', '',10512, 50, '', '', 0, '', 1, 0, '0'),
(105120015,'工业自动化仪表','', '',10512, 50, '', '', 0, '', 1, 0, '0'),
(105120016,'建筑智能化','', '',10512, 50, '', '', 0, '', 1, 0, '0'),
(105120017,'过程控制方法/系统与部件','', '',10512, 50, '', '', 0, '', 1, 0, '0'),
(105120018,'工控机/PLC/变频器','', '',10512, 50, '', '', 0, '', 1, 0, '0'),
(105120019,'显示仪表(各种指示仪、记录仪等)','', '',10512, 50, '', '', 0, '', 1, 0, '0'),
(105120020,'仪表元件/仪表材料/仪表工艺','', '',10512, 50, '', '', 0, '', 1, 0, '0'),
(106,'行业专用仪器','', '',1, 50, '', '', 0, '', 1, 0, '0'),
(10601,'药物检测专用仪器','', '',106, 50, '', '', 0, '', 1, 0, '0'),
(106010001,'抑菌圈测量仪','', '',10601, 50, '', '', 0, '', 1, 0, '0'),
(106010002,'渗透压仪','', '',10601, 50, '', '', 0, '', 1, 0, '0'),
(106010003,'溶出度仪/溶出仪/溶出试验仪','', '',10601, 50, '', '', 0, '', 1, 0, '0'),
(106010004,'崩解仪','', '',10601, 50, '', '', 0, '', 1, 0, '0'),
(106010005,'片剂硬度仪','', '',10601, 50, '', '', 0, '', 1, 0, '0'),
(106010006,'药物稳定性试验箱','', '',10601, 50, '', '', 0, '', 1, 0, '0'),
(106010007,'澄明度检测仪','', '',10601, 50, '', '', 0, '', 1, 0, '0'),
(106010008,'集菌仪/无菌过滤器','', '',10601, 50, '', '', 0, '', 1, 0, '0'),
(106010009,'细菌内毒素测定仪','', '',10601, 50, '', '', 0, '', 1, 0, '0'),
(106010010,'脆碎度测定仪','', '',10601, 50, '', '', 0, '', 1, 0, '0'),
(106010011,'药物透皮扩散试验仪','', '',10601, 50, '', '', 0, '', 1, 0, '0'),
(106010012,'热原测温仪','', '',10601, 50, '', '', 0, '', 1, 0, '0'),
(106010013,'热原测温仪','', '',10601, 50, '', '', 0, '', 1, 0, '0'),
(106010014,'包衣机','', '',10601, 50, '', '', 0, '', 1, 0, '0'),
(106010015,'不溶性微粒检测仪','', '',10601, 50, '', '', 0, '', 1, 0, '0'),
(106010016,'制剂压片机','', '',10601, 50, '', '', 0, '', 1, 0, '0'),
(10602,'石油专用分析仪器','', '',106, 50, '', '', 0, '', 1, 0, '0'),
(106020001,'闪点仪/燃点仪','', '',10602, 50, '', '', 0, '', 1, 0, '0'),
(106020002,'运动粘度试验器','', '',10602, 50, '', '', 0, '', 1, 0, '0'),
(106020003,'石油产品蒸馏仪/馏程仪','', '',10602, 50, '', '', 0, '', 1, 0, '0'),
(106020004,'石油产品残炭试验器','', '',10602, 50, '', '', 0, '', 1, 0, '0'),
(106020005,'石油产品低温性能测试仪(倾点、浊点、冰点、冷滤点、凝固点)','', '',10602, 50, '', '', 0, '', 1, 0, '0'),
(106020006,'石油产品氧化安定性试验仪','', '',10602, 50, '', '', 0, '', 1, 0, '0'),
(106020007,'石油产品色度试验器','', '',10602, 50, '', '', 0, '', 1, 0, '0'),
(106020008,'汽油辛烷值/柴油十六烷值测定仪','', '',10602, 50, '', '', 0, '', 1, 0, '0'),
(106020009,'石油产品测硫仪','', '',10602, 50, '', '', 0, '', 1, 0, '0'),
(106020010,'石油产品盐含量测定仪','', '',10602, 50, '', '', 0, '', 1, 0, '0'),
(106020011,'石油产品蒸汽压测定仪','', '',10602, 50, '', '', 0, '', 1, 0, '0'),
(106020012,'润滑油性能测试仪器','', '',10602, 50, '', '', 0, '', 1, 0, '0'),
(106020013,'铁谱仪','', '',10602, 50, '', '', 0, '', 1, 0, '0'),
(10603,'农业和食品专用仪器','', '',106, 50, '', '', 0, '', 1, 0, '0'),
(106030001,'食用油品分析仪','', '',10603, 50, '', '', 0, '', 1, 0, '0'),
(106030002,'食品品质检测仪','', '',10603, 50, '', '', 0, '', 1, 0, '0'),
(106030003,'农药残留速测仪','', '',10603, 50, '', '', 0, '', 1, 0, '0'),
(106030004,'土壤采样器','', '',10603, 50, '', '', 0, '', 1, 0, '0'),
(106030005,'土壤测定仪','', '',10603, 50, '', '', 0, '', 1, 0, '0'),
(106030006,'土壤硬度计/土壤紧实度仪','', '',10603, 50, '', '', 0, '', 1, 0, '0'),
(106030007,'土壤酸度计/土壤pH计','', '',10603, 50, '', '', 0, '', 1, 0, '0'),
(106030008,'牛奶分析仪/乳品分析仪','', '',10603, 50, '', '', 0, '', 1, 0, '0'),
(106030009,'啤酒分析仪、饮料分析仪','', '',10603, 50, '', '', 0, '', 1, 0, '0'),
(106030010,'ATP荧光检测仪','', '',10603, 50, '', '', 0, '', 1, 0, '0'),
(106030011,'蛋白质快速测定仪/蛋白测定仪','', '',10603, 50, '', '', 0, '', 1, 0, '0'),
(106030012,'水活度分析仪/水活度仪','', '',10603, 50, '', '', 0, '', 1, 0, '0'),
(106030013,'质构仪/物性分析仪/组织分析仪','', '',10603, 50, '', '', 0, '', 1, 0, '0'),
(106030014,'冰点仪','', '',10603, 50, '', '', 0, '', 1, 0, '0'),
(106030015,'食品安全快速检测仪','', '',10603, 50, '', '', 0, '', 1, 0, '0'),
(106030016,'油脂氧化稳定性分析仪','', '',10603, 50, '', '', 0, '', 1, 0, '0'),
(106030017,'纤维测定仪','', '',10603, 50, '', '', 0, '', 1, 0, '0'),
(106030018,'盖勃离心机/乳脂离心机','', '',10603, 50, '', '', 0, '', 1, 0, '0'),
(106030019,'氮磷钙测定仪','', '',10603, 50, '', '', 0, '', 1, 0, '0'),
(106030020,'面包体积测定仪/食品体积测定仪','', '',10603, 50, '', '', 0, '', 1, 0, '0'),
(106030021,'数粒仪','', '',10603, 50, '', '', 0, '', 1, 0, '0'),
(10604,'纺织行业专用仪器','', '',106, 50, '', '', 0, '', 1, 0, '0'),
(106040001,'织物类测试仪器','', '',10604, 50, '', '', 0, '', 1, 0, '0'),
(106040002,'纤维类测试仪器','', '',10604, 50, '', '', 0, '', 1, 0, '0'),
(106040003,'色牢度仪/色牢度试验机','', '',10604, 50, '', '', 0, '', 1, 0, '0'),
(10605,'煤炭行业专用仪器','', '',106, 50, '', '', 0, '', 1, 0, '0'),
(106050001,'煤炭工业分析仪','', '',10605, 50, '', '', 0, '', 1, 0, '0'),
(106050002,'盘煤仪','', '',10605, 50, '', '', 0, '', 1, 0, '0'),
(106050003,'灰熔点测定仪/灰熔融性测定仪','', '',10605, 50, '', '', 0, '', 1, 0, '0'),
(106050004,'碳氢分析仪（CH）','', '',10605, 50, '', '', 0, '', 1, 0, '0'),
(106050005,'定硫仪/测硫仪','', '',10605, 50, '', '', 0, '', 1, 0, '0'),
(106050006,'量热仪/热量计','', '',10605, 50, '', '', 0, '', 1, 0, '0'),
(10606,'橡塑行业专用仪器','', '',106, 50, '', '', 0, '', 1, 0, '0'),
(106060001,'硫化分析仪/硫化仪','', '',10606, 50, '', '', 0, '', 1, 0, '0'),
(106060002,'熔融指数仪/熔体流动速率测定仪','', '',10606, 50, '', '', 0, '', 1, 0, '0'),
(106060003,'维卡软化点测定仪/热变形试验机','', '',10606, 50, '', '', 0, '', 1, 0, '0'),
(106060004,'开炼机','', '',10606, 50, '', '', 0, '', 1, 0, '0'),
(106060005,'吹膜机','', '',10606, 50, '', '', 0, '', 1, 0, '0'),
(106060006,'门尼粘度计/门尼机','', '',10606, 50, '', '', 0, '', 1, 0, '0'),
(106060007,'塑度计','', '',10606, 50, '', '', 0, '', 1, 0, '0'),
(106060008,'挤出机/注塑机','', '',10606, 50, '', '', 0, '', 1, 0, '0'),
(106060009,'聚烯烃表征分析','', '',10606, 50, '', '', 0, '', 1, 0, '0'),
(106060010,'塑胶颗粒水份测定仪','', '',10606, 50, '', '', 0, '', 1, 0, '0'),
(106060011,'橡胶加工分析仪','', '',10606, 50, '', '', 0, '', 1, 0, '0'),
(106060012,'炭黑分散度仪/炭黑分散仪','', '',10606, 50, '', '', 0, '', 1, 0, '0'),
(10607,'包装行业专用仪器','', '',106, 50, '', '', 0, '', 1, 0, '0'),
(106070001,'撕裂度试验机/撕裂测试仪','', '',10607, 50, '', '', 0, '', 1, 0, '0'),
(106070002,'透气性测试仪/透气度测试仪','', '',10607, 50, '', '', 0, '', 1, 0, '0'),
(106070003,'水蒸气透过率测试仪/透湿仪','', '',10607, 50, '', '', 0, '', 1, 0, '0'),
(106070004,'压缩试验机','', '',10607, 50, '', '', 0, '', 1, 0, '0'),
(106070005,'摩擦系数测试仪/剥离系数试验仪','', '',10607, 50, '', '', 0, '', 1, 0, '0'),
(106070006,'热封仪','', '',10607, 50, '', '', 0, '', 1, 0, '0'),
(106070007,'密封试验仪/泄露试验机','', '',10607, 50, '', '', 0, '', 1, 0, '0'),
(106070008,'透氧仪','', '',10607, 50, '', '', 0, '', 1, 0, '0'),
(106070009,'气调保鲜专用仪器','', '',10607, 50, '', '', 0, '', 1, 0, '0'),
(10608,'其它行业专用仪器','', '',106, 50, '', '', 0, '', 1, 0, '0'),
(106080001,'原子层沉积系统（ALD）','', '',10608, 50, '', '', 0, '', 1, 0, '0'),
(106080002,'激光脉冲沉积(PLD)','', '',10608, 50, '', '', 0, '', 1, 0, '0'),
(106080003,'皮肤测试仪器','', '',10608, 50, '', '', 0, '', 1, 0, '0'),
(106080004,'四探针测试仪','', '',10608, 50, '', '', 0, '', 1, 0, '0'),
(106080005,'量子效率测试系统','', '',10608, 50, '', '', 0, '', 1, 0, '0'),
(106080006,'（太阳能电池等）IV测试仪','', '',10608, 50, '', '', 0, '', 1, 0, '0'),
(106080007,'太阳光模拟器','', '',10608, 50, '', '', 0, '', 1, 0, '0'),
(2,'耗材配件','', '',0, 50, '', '', 0, '', 1, 0, '0'),
(201,'色谱耗材配件','', '',2, 50, '', '', 0, '', 1, 0, '0'),
(20101,'气相色谱柱','', '',201, 50, '', '', 0, '', 1, 0, '0'),
(201010001,'PEG柱','', '',20101, 50, '', '', 0, '', 1, 0, '0'),
(201010002,'SE-30柱','', '',20101, 50, '', '', 0, '', 1, 0, '0'),
(201010003,'SE-54柱','', '',20101, 50, '', '', 0, '', 1, 0, '0'),
(201010004,'DB-1柱','', '',20101, 50, '', '', 0, '', 1, 0, '0'),
(201010005,'DB-5柱','', '',20101, 50, '', '', 0, '', 1, 0, '0'),
(201010006,'DB-624柱','', '',20101, 50, '', '', 0, '', 1, 0, '0'),
(201010007,'DB-WAX柱','', '',20101, 50, '', '', 0, '', 1, 0, '0'),
(201010008,'RTX-5柱','', '',20101, 50, '', '', 0, '', 1, 0, '0'),
(201010009,'RTX-1701柱','', '',20101, 50, '', '', 0, '', 1, 0, '0'),
(201010010,'PLOT柱','', '',20101, 50, '', '', 0, '', 1, 0, '0'),
(201010011,'SGE柱','', '',20101, 50, '', '', 0, '', 1, 0, '0'),
(201010012,'MS柱','', '',20101, 50, '', '', 0, '', 1, 0, '0'),
(201010013,'FFAP柱','', '',20101, 50, '', '', 0, '', 1, 0, '0'),
(201010014,'restek柱','', '',20101, 50, '', '', 0, '', 1, 0, '0'),
(201010015,'极性柱','', '',20101, 50, '', '', 0, '', 1, 0, '0'),
(201010016,'填充柱','', '',20101, 50, '', '', 0, '', 1, 0, '0'),
(20102,'液相色谱柱','', '',201, 50, '', '', 0, '', 1, 0, '0'),
(201020001,'C4柱','', '',20102, 50, '', '', 0, '', 1, 0, '0'),
(201020002,'C8柱','', '',20102, 50, '', '', 0, '', 1, 0, '0'),
(201020003,'C18柱','', '',20102, 50, '', '', 0, '', 1, 0, '0'),
(201020004,'HILIC柱','', '',20102, 50, '', '', 0, '', 1, 0, '0'),
(201020005,'苯基柱','', '',20102, 50, '', '', 0, '', 1, 0, '0'),
(201020006,'制备柱','', '',20102, 50, '', '', 0, '', 1, 0, '0'),
(201020007,'氨基柱','', '',20102, 50, '', '', 0, '', 1, 0, '0'),
(201020008,'离子色谱柱','', '',20102, 50, '', '', 0, '', 1, 0, '0'),
(201020009,'二醇基柱','', '',20102, 50, '', '', 0, '', 1, 0, '0'),
(201020010,'wondasil柱','', '',20102, 50, '', '', 0, '', 1, 0, '0'),
(201020011,'硅胶柱','', '',20102, 50, '', '', 0, '', 1, 0, '0'),
(201020012,'氰基柱','', '',20102, 50, '', '', 0, '', 1, 0, '0'),
(201020013,'AQ柱','', '',20102, 50, '', '', 0, '', 1, 0, '0'),
(201020014,'UPLC柱','', '',20102, 50, '', '', 0, '', 1, 0, '0'),
(201020015,'Inertsil柱','', '',20102, 50, '', '', 0, '', 1, 0, '0'),
(201020016,'ODS柱','', '',20102, 50, '', '', 0, '', 1, 0, '0'),
(20103,'手性柱','', '',201, 50, '', '', 0, '', 1, 0, '0'),
(201030001,'AS手性柱','', '',20103, 50, '', '', 0, '', 1, 0, '0'),
(201030002,'OD手性柱','', '',20103, 50, '', '', 0, '', 1, 0, '0'),
(201030003,'OJ手性柱','', '',20103, 50, '', '', 0, '', 1, 0, '0'),
(201030004,'AD手性柱','', '',20103, 50, '', '', 0, '', 1, 0, '0'),
(201030005,'RH手性柱','', '',20103, 50, '', '', 0, '', 1, 0, '0'),
(20104,'行业专用色谱柱','', '',201, 50, '', '', 0, '', 1, 0, '0'),
(201040001,'白酒分析专用色谱柱','', '',20104, 50, '', '', 0, '', 1, 0, '0'),
(201040002,'农残分析专用色谱柱','', '',20104, 50, '', '', 0, '', 1, 0, '0'),
(201040003,'天然气分析专用色谱柱','', '',20104, 50, '', '', 0, '', 1, 0, '0'),
(201040004,'香精分析专用色谱柱','', '',20104, 50, '', '', 0, '', 1, 0, '0'),
(201040005,'氯甲苯分析专用色谱柱','', '',20104, 50, '', '', 0, '', 1, 0, '0'),
(201040006,'糖分析专用色谱柱','', '',20104, 50, '', '', 0, '', 1, 0, '0'),
(201040007,'碳水化合物分析专用色谱柱','', '',20104, 50, '', '', 0, '', 1, 0, '0'),
(201040008,'二噁英分析专用色谱柱','', '',20104, 50, '', '', 0, '', 1, 0, '0'),
(201040009,'苯甲酚分析专用色谱柱','', '',20104, 50, '', '', 0, '', 1, 0, '0'),
(201040010,'VOC分析专用色谱柱','', '',20104, 50, '', '', 0, '', 1, 0, '0'),
(201040011,'脂肪酸分析专用色谱柱','', '',20104, 50, '', '', 0, '', 1, 0, '0'),
(201040012,'三聚氰胺分析专用色谱柱','', '',20104, 50, '', '', 0, '', 1, 0, '0'),
(201040013,'石油分析专用色谱柱','', '',20104, 50, '', '', 0, '', 1, 0, '0'),
(201040014,'血醇分析专用色谱柱','', '',20104, 50, '', '', 0, '', 1, 0, '0'),
(201040015,'多环芳烃分析专用色谱柱','', '',20104, 50, '', '', 0, '', 1, 0, '0'),
(20105,'固相萃取','', '',201, 50, '', '', 0, '', 1, 0, '0'),
(201050001,'氧化铝柱','', '',20105, 50, '', '', 0, '', 1, 0, '0'),
(201050002,'石墨化炭黑柱','', '',20105, 50, '', '', 0, '', 1, 0, '0'),
(201050003,'SPE柱','', '',20105, 50, '', '', 0, '', 1, 0, '0'),
(201050004,'PRS柱','', '',20105, 50, '', '', 0, '', 1, 0, '0'),
(201050005,'PCX柱','', '',20105, 50, '', '', 0, '', 1, 0, '0'),
(201050006,'PSA柱','', '',20105, 50, '', '', 0, '', 1, 0, '0'),
(20106,'其它色谱柱相关产品','', '',201, 50, '', '', 0, '', 1, 0, '0'),
(201060001,'保护柱','', '',20106, 50, '', '', 0, '', 1, 0, '0'),
(201060002,'卡套','', '',20106, 50, '', '', 0, '', 1, 0, '0'),
(201060003,'在线过滤器','', '',20106, 50, '', '', 0, '', 1, 0, '0'),
(201060004,'保护柱柱芯','', '',20106, 50, '', '', 0, '', 1, 0, '0'),
(201060005,'保护柱套装','', '',20106, 50, '', '', 0, '', 1, 0, '0'),
(201060006,'玻璃空柱','', '',20106, 50, '', '', 0, '', 1, 0, '0'),
(201060007,'不锈钢空柱','', '',20106, 50, '', '', 0, '', 1, 0, '0'),
(201060008,'熔融石英管','', '',20106, 50, '', '', 0, '', 1, 0, '0'),
(201060009,'空毛细管','', '',20106, 50, '', '', 0, '', 1, 0, '0'),
(20107,'气相色谱配件','', '',201, 50, '', '', 0, '', 1, 0, '0'),
(201070001,'O型圈','', '',20107, 50, '', '', 0, '', 1, 0, '0'),
(201070002,'密封垫','', '',20107, 50, '', '', 0, '', 1, 0, '0'),
(201070003,'电磁阀','', '',20107, 50, '', '', 0, '', 1, 0, '0'),
(201070004,'滤光片','', '',20107, 50, '', '', 0, '', 1, 0, '0'),
(201070005,'分流平板','', '',20107, 50, '', '', 0, '', 1, 0, '0'),
(201070006,'柱接头','', '',20107, 50, '', '', 0, '', 1, 0, '0'),
(201070007,'顶空进样器备件','', '',20107, 50, '', '', 0, '', 1, 0, '0'),
(201070008,'柱螺帽','', '',20107, 50, '', '', 0, '', 1, 0, '0'),
(201070009,'针型阀','', '',20107, 50, '', '', 0, '', 1, 0, '0'),
(201070010,'气体检漏计','', '',20107, 50, '', '', 0, '', 1, 0, '0'),
(201070011,'不分流衬管','', '',20107, 50, '', '', 0, '', 1, 0, '0'),
(201070012,'陶瓷片切柱器','', '',20107, 50, '', '', 0, '', 1, 0, '0'),
(201070013,'衬管','', '',20107, 50, '', '', 0, '', 1, 0, '0'),
(201070014,'喷嘴','', '',20107, 50, '', '', 0, '', 1, 0, '0'),
(201070015,'玻璃棉','', '',20107, 50, '', '', 0, '', 1, 0, '0'),
(201070016,'铷珠','', '',20107, 50, '', '', 0, '', 1, 0, '0'),
(201070017,'平底顶空瓶','', '',20107, 50, '', '', 0, '', 1, 0, '0'),
(201070018,'进样口密封垫','', '',20107, 50, '', '', 0, '', 1, 0, '0'),
(201070019,'热脱附管','', '',20107, 50, '', '', 0, '', 1, 0, '0'),
(201070020,'三通','', '',20107, 50, '', '', 0, '', 1, 0, '0'),
(20108,'液相色谱配件','', '',201, 50, '', '', 0, '', 1, 0, '0'),
(201080001,'进样阀','', '',20108, 50, '', '', 0, '', 1, 0, '0'),
(201080002,'针头','', '',20108, 50, '', '', 0, '', 1, 0, '0'),
(201080003,'溶剂瓶','', '',20108, 50, '', '', 0, '', 1, 0, '0'),
(201080004,'转子密封垫','', '',20108, 50, '', '', 0, '', 1, 0, '0'),
(201080005,'开口扳手','', '',20108, 50, '', '', 0, '', 1, 0, '0'),
(201080006,' 球形阀','', '',20108, 50, '', '', 0, '', 1, 0, '0'),
(201080007,'主动阀阀芯','', '',20108, 50, '', '', 0, '', 1, 0, '0'),
(201080008,'单向阀','', '',20108, 50, '', '', 0, '', 1, 0, '0'),
(201080009,'PEEK管','', '',20108, 50, '', '', 0, '', 1, 0, '0'),
(201080010,'在线过滤器','', '',20108, 50, '', '', 0, '', 1, 0, '0'),
(201080011,'溶剂过滤器','', '',20108, 50, '', '', 0, '', 1, 0, '0'),
(201080012,'手动进样注射器','', '',20108, 50, '', '', 0, '', 1, 0, '0'),
(201080013,'主动阀','', '',20108, 50, '', '', 0, '', 1, 0, '0'),
(201080014,'色谱数据处理机','', '',20108, 50, '', '', 0, '', 1, 0, '0'),
(201080015,'氘灯','', '',20108, 50, '', '', 0, '', 1, 0, '0'),
(201080016,'钨灯','', '',20108, 50, '', '', 0, '', 1, 0, '0'),
(201080017,'流通池','', '',20108, 50, '', '', 0, '', 1, 0, '0'),
(201080018,'雾化器','', '',20108, 50, '', '', 0, '', 1, 0, '0'),
(201080019,'样品盘','', '',20108, 50, '', '', 0, '', 1, 0, '0'),
(201080020,'入口阀','', '',20108, 50, '', '', 0, '', 1, 0, '0'),
(201080021,'活塞杆','', '',20108, 50, '', '', 0, '', 1, 0, '0'),
(201080022,'色谱过滤膜','', '',20108, 50, '', '', 0, '', 1, 0, '0'),
(201080023,'PTFE 滤芯','', '',20108, 50, '', '', 0, '', 1, 0, '0'),
(201080024,'两通','', '',20108, 50, '', '', 0, '', 1, 0, '0'),
(201080025,'定量环','', '',20108, 50, '', '', 0, '', 1, 0, '0'),
(201080026,'玻璃过滤头','', '',20108, 50, '', '', 0, '', 1, 0, '0'),
(201080027,'锁环','', '',20108, 50, '', '', 0, '', 1, 0, '0'),
(201080028,'调节阀','', '',20108, 50, '', '', 0, '', 1, 0, '0'),
(201080029,'电子倍增器','', '',20108, 50, '', '', 0, '', 1, 0, '0'),
(201080030,'皂膜流量计','', '',20108, 50, '', '', 0, '', 1, 0, '0'),
(201080031,'色谱筛板','', '',20108, 50, '', '', 0, '', 1, 0, '0'),
(201080032,'检测器配件','', '',20108, 50, '', '', 0, '', 1, 0, '0'),
(20109,'通用色谱配件','', '',201, 50, '', '', 0, '', 1, 0, '0'),
(201090001,'工具包','', '',20109, 50, '', '', 0, '', 1, 0, '0'),
(201090002,'进样器','', '',20109, 50, '', '', 0, '', 1, 0, '0'),
(201090003,'针式过滤器','', '',20109, 50, '', '', 0, '', 1, 0, '0'),
(201090004,'减压阀','', '',20109, 50, '', '', 0, '', 1, 0, '0'),
(201090005,'色谱工作站','', '',20109, 50, '', '', 0, '', 1, 0, '0'),
(201090006,'样品瓶','', '',20109, 50, '', '', 0, '', 1, 0, '0'),
(201090007,'瓶盖','', '',20109, 50, '', '', 0, '', 1, 0, '0'),
(201090008,'顶空样品瓶','', '',20109, 50, '', '', 0, '', 1, 0, '0'),
(201090009,'进样针','', '',20109, 50, '', '', 0, '', 1, 0, '0'),
(201090010,'气体净化系统','', '',20109, 50, '', '', 0, '', 1, 0, '0'),
(201090011,'捕集阱','', '',20109, 50, '', '', 0, '', 1, 0, '0'),
(201090012,'流量计','', '',20109, 50, '', '', 0, '', 1, 0, '0'),
(201090013,'进样器配件','', '',20109, 50, '', '', 0, '', 1, 0, '0'),
(201090014,'特氟龙管','', '',20109, 50, '', '', 0, '', 1, 0, '0'),
(201090015,'隔垫','', '',20109, 50, '', '', 0, '', 1, 0, '0'),
(202,'其它仪器专用配件','', '',2, 50, '', '', 0, '', 1, 0, '0'),
(20201,'光谱专用配件','', '',202, 50, '', '', 0, '', 1, 0, '0'),
(202010001,'功率管','', '',20201, 50, '', '', 0, '', 1, 0, '0'),
(202010002,'样品池','', '',20201, 50, '', '', 0, '', 1, 0, '0'),
(202010003,'蠕动泵','', '',20201, 50, '', '', 0, '', 1, 0, '0'),
(202010004,'氘灯','', '',20201, 50, '', '', 0, '', 1, 0, '0'),
(202010005,'钨灯','', '',20201, 50, '', '', 0, '', 1, 0, '0'),
(202010006,'氙灯','', '',20201, 50, '', '', 0, '', 1, 0, '0'),
(202010007,'比色皿','', '',20201, 50, '', '', 0, '', 1, 0, '0'),
(202010008,'石英窗','', '',20201, 50, '', '', 0, '', 1, 0, '0'),
(202010009,'ICP炬管','', '',20201, 50, '', '', 0, '', 1, 0, '0'),
(202010010,'雾化器','', '',20201, 50, '', '', 0, '', 1, 0, '0'),
(202010011,'光栅','', '',20201, 50, '', '', 0, '', 1, 0, '0'),
(202010012,'CCD','', '',20201, 50, '', '', 0, '', 1, 0, '0'),
(202010013,'石墨锥','', '',20201, 50, '', '', 0, '', 1, 0, '0'),
(202010014,'光电倍增管','', '',20201, 50, '', '', 0, '', 1, 0, '0'),
(202010015,'空心阴极灯','', '',20201, 50, '', '', 0, '', 1, 0, '0'),
(202010016,'中心管','', '',20201, 50, '', '', 0, '', 1, 0, '0'),
(202010017,'石墨管','', '',20201, 50, '', '', 0, '', 1, 0, '0'),
(202010018,'电极刷','', '',20201, 50, '', '', 0, '', 1, 0, '0'),
(202010019,'滤玻片','', '',20201, 50, '', '', 0, '', 1, 0, '0'),
(202010020,'压片机','', '',20201, 50, '', '', 0, '', 1, 0, '0'),
(20202,'质谱专用配件','', '',202, 50, '', '', 0, '', 1, 0, '0'),
(202020001,'灯丝','', '',20202, 50, '', '', 0, '', 1, 0, '0'),
(202020002,'截取锥','', '',20202, 50, '', '', 0, '', 1, 0, '0'),
(202020003,'取样锥','', '',20202, 50, '', '', 0, '', 1, 0, '0'),
(202020004,'前级泵','', '',20202, 50, '', '', 0, '', 1, 0, '0'),
(202020005,'泵油','', '',20202, 50, '', '', 0, '', 1, 0, '0'),
(202020006,'扩散泵','', '',20202, 50, '', '', 0, '', 1, 0, '0'),
(202020007,'电喷雾针头','', '',20202, 50, '', '', 0, '', 1, 0, '0'),
(202020008,'离子源','', '',20202, 50, '', '', 0, '', 1, 0, '0'),
(20203,'X射线仪器专用配件','', '',202, 50, '', '', 0, '', 1, 0, '0'),
(202030001,'加固杯','', '',20203, 50, '', '', 0, '', 1, 0, '0'),
(202030002,'衍射仪标样','', '',20203, 50, '', '', 0, '', 1, 0, '0'),
(202030003,'X射线管','', '',20203, 50, '', '', 0, '', 1, 0, '0'),
(202030004,'X射线荧光','', '',20203, 50, '', '', 0, '', 1, 0, '0'),
(202030005,'样品杯','', '',20203, 50, '', '', 0, '', 1, 0, '0'),
(202030006,'迈拉膜','', '',20203, 50, '', '', 0, '', 1, 0, '0'),
(202030007,'X光探测器','', '',20203, 50, '', '', 0, '', 1, 0, '0'),
(20204,'电镜专用配件','', '',202, 50, '', '', 0, '', 1, 0, '0'),
(202040001,'高弹膜盒','', '',20204, 50, '', '', 0, '', 1, 0, '0'),
(202040002,'载网','', '',20204, 50, '', '', 0, '', 1, 0, '0'),
(202040003,'支持膜','', '',20204, 50, '', '', 0, '', 1, 0, '0'),
(202040004,'储存盒','', '',20204, 50, '', '', 0, '', 1, 0, '0'),
(202040005,'样品台','', '',20204, 50, '', '', 0, '', 1, 0, '0'),
(202040006,'导电胶','', '',20204, 50, '', '', 0, '', 1, 0, '0'),
(202040007,'载网染色','', '',20204, 50, '', '', 0, '', 1, 0, '0'),
(202040008,'镊子','', '',20204, 50, '', '', 0, '', 1, 0, '0'),
(202040009,'靶材','', '',20204, 50, '', '', 0, '', 1, 0, '0'),
(202040010,'包埋板','', '',20204, 50, '', '', 0, '', 1, 0, '0'),
(202040011,'电镜光阑','', '',20204, 50, '', '', 0, '', 1, 0, '0'),
(202040012,'薄膜窗格','', '',20204, 50, '', '', 0, '', 1, 0, '0'),
(202040013,'AFM探针','', '',20204, 50, '', '', 0, '', 1, 0, '0'),
(202040014,'样品盒','', '',20204, 50, '', '', 0, '', 1, 0, '0'),
(20205,'电化学配件','', '',202, 50, '', '', 0, '', 1, 0, '0'),
(202050001,'指示电极','', '',20205, 50, '', '', 0, '', 1, 0, '0'),
(202050002,'电导电极','', '',20205, 50, '', '', 0, '', 1, 0, '0'),
(202050003,'离子选择电极','', '',20205, 50, '', '', 0, '', 1, 0, '0'),
(202050004,'膜电极','', '',20205, 50, '', '', 0, '', 1, 0, '0'),
(202050005,'PH电极','', '',20205, 50, '', '', 0, '', 1, 0, '0'),
(202050006,'参比电极','', '',20205, 50, '', '', 0, '', 1, 0, '0'),
(202050007,'玻碳电极','', '',20205, 50, '', '', 0, '', 1, 0, '0'),
(202050008,'铂片电极','', '',20205, 50, '', '', 0, '', 1, 0, '0'),
(202050009,'测试电极','', '',20205, 50, '', '', 0, '', 1, 0, '0'),
(202050010,'探头','', '',20205, 50, '', '', 0, '', 1, 0, '0'),
(202050011,'屏蔽箱','', '',20205, 50, '', '', 0, '', 1, 0, '0'),
(202050012,'电解池','', '',20205, 50, '', '', 0, '', 1, 0, '0'),
(202050013,'滴定池','', '',20205, 50, '', '', 0, '', 1, 0, '0'),
(202050014,'离子膜','', '',20205, 50, '', '', 0, '', 1, 0, '0'),
(20206,'元素分析仪耗材配件','', '',202, 50, '', '', 0, '', 1, 0, '0'),
(202060001,'锡杯','', '',20206, 50, '', '', 0, '', 1, 0, '0'),
(202060002,'燃烧舟','', '',20206, 50, '', '', 0, '', 1, 0, '0'),
(202060003,'锡舟','', '',20206, 50, '', '', 0, '', 1, 0, '0'),
(202060004,'石英裂解管','', '',20206, 50, '', '', 0, '', 1, 0, '0'),
(202060005,'红外探测器','', '',20206, 50, '', '', 0, '', 1, 0, '0'),
(202060006,'支撑管','', '',20206, 50, '', '', 0, '', 1, 0, '0'),
(202060007,'氧化剂','', '',20206, 50, '', '', 0, '', 1, 0, '0'),
(202060008,'硅钼粉','', '',20206, 50, '', '', 0, '', 1, 0, '0'),
(202060009,'锡箔杯','', '',20206, 50, '', '', 0, '', 1, 0, '0'),
(202060010,'还原管','', '',20206, 50, '', '', 0, '', 1, 0, '0'),
(202060011,'核磁管','', '',20206, 50, '', '', 0, '', 1, 0, '0'),
(20207,'环境监测仪配件','', '',202, 50, '', '', 0, '', 1, 0, '0'),
(202070001,'简易快速检测管','', '',20207, 50, '', '', 0, '', 1, 0, '0'),
(202070002,'多通道换向阀','', '',20207, 50, '', '', 0, '', 1, 0, '0'),
(202070003,'消解管','', '',20207, 50, '', '', 0, '', 1, 0, '0'),
(202070004,'环保标准气体','', '',20207, 50, '', '', 0, '', 1, 0, '0'),
(202070005,'采样器配件','', '',20207, 50, '', '', 0, '', 1, 0, '0'),
(202070006,'吸收管','', '',20207, 50, '', '', 0, '', 1, 0, '0'),
(202070007,'精密分配泵','', '',20207, 50, '', '', 0, '', 1, 0, '0'),
(20208,'物性测试仪器配件','', '',202, 50, '', '', 0, '', 1, 0, '0'),
(202080001,'筛网','', '',20208, 50, '', '', 0, '', 1, 0, '0'),
(202080002,'砂轮','', '',20208, 50, '', '', 0, '', 1, 0, '0'),
(202080003,'拉伸夹具','', '',20208, 50, '', '', 0, '', 1, 0, '0'),
(202080004,'钮扣夹具','', '',20208, 50, '', '', 0, '', 1, 0, '0'),
(202080005,'粘度标液','', '',20208, 50, '', '', 0, '', 1, 0, '0'),
(202080006,'实验钢球','', '',20208, 50, '', '', 0, '', 1, 0, '0'),
(202080007,'剥离夹具','', '',20208, 50, '', '', 0, '', 1, 0, '0'),
(202080008,'粘度管支架','', '',20208, 50, '', '', 0, '', 1, 0, '0'),
(203,'通用配件','', '',2, 50, '', '', 0, '', 1, 0, '0'),
(20301,'传感器','', '',203, 50, '', '', 0, '', 1, 0, '0'),
(203010001,'CO传感器','', '',20301, 50, '', '', 0, '', 1, 0, '0'),
(203010002,'氧气传感器','', '',20301, 50, '', '', 0, '', 1, 0, '0'),
(203010003,'热流传感器','', '',20301, 50, '', '', 0, '', 1, 0, '0'),
(203010004,'力传感器','', '',20301, 50, '', '', 0, '', 1, 0, '0'),
(203010005,'称重传感器','', '',20301, 50, '', '', 0, '', 1, 0, '0'),
(203010006,'PH传感器','', '',20301, 50, '', '', 0, '', 1, 0, '0'),
(203010007,'扭矩传感器','', '',20301, 50, '', '', 0, '', 1, 0, '0'),
(203010008,'压力传感器','', '',20301, 50, '', '', 0, '', 1, 0, '0'),
(203010009,'流量传感器','', '',20301, 50, '', '', 0, '', 1, 0, '0'),
(203010010,'温度传感器','', '',20301, 50, '', '', 0, '', 1, 0, '0'),
(20302,'阀门','', '',203, 50, '', '', 0, '', 1, 0, '0'),
(203020001,'电磁阀','', '',20302, 50, '', '', 0, '', 1, 0, '0'),
(203020002,'球阀','', '',20302, 50, '', '', 0, '', 1, 0, '0'),
(203020003,'稳压阀','', '',20302, 50, '', '', 0, '', 1, 0, '0'),
(203020004,'针阀','', '',20302, 50, '', '', 0, '', 1, 0, '0'),
(203020005,'单向阀','', '',20302, 50, '', '', 0, '', 1, 0, '0'),
(203020006,'减压阀','', '',20302, 50, '', '', 0, '', 1, 0, '0'),
(203020007,'多通道换向阀','', '',20302, 50, '', '', 0, '', 1, 0, '0'),
(203020008,'气体汇流排','', '',20302, 50, '', '', 0, '', 1, 0, '0'),
(203020009,'气体配比器','', '',20302, 50, '', '', 0, '', 1, 0, '0'),
(20303,'电机/电源','', '',203, 50, '', '', 0, '', 1, 0, '0'),
(203030001,'高压电源','', '',20303, 50, '', '', 0, '', 1, 0, '0'),
(203030002,'直线步进电机','', '',20303, 50, '', '', 0, '', 1, 0, '0'),
(203030003,'消隙螺母组件','', '',20303, 50, '', '', 0, '', 1, 0, '0'),
(203030004,'驱动器','', '',20303, 50, '', '', 0, '', 1, 0, '0'),
(203030005,'导轨','', '',20303, 50, '', '', 0, '', 1, 0, '0'),
(20304,'其他通用配件','', '',203, 50, '', '', 0, '', 1, 0, '0'),
(203040001,'LED','', '',20304, 50, '', '', 0, '', 1, 0, '0'),
(203040002,'氙灯','', '',20304, 50, '', '', 0, '', 1, 0, '0'),
(203040003,'搅拌桨','', '',20304, 50, '', '', 0, '', 1, 0, '0'),
(203040004,'杀菌灯','', '',20304, 50, '', '', 0, '', 1, 0, '0'),
(203040005,'微波消解消化管','', '',20304, 50, '', '', 0, '', 1, 0, '0'),
(203040006,'滤膜','', '',20304, 50, '', '', 0, '', 1, 0, '0'),
(203040007,'搅拌子','', '',20304, 50, '', '', 0, '', 1, 0, '0'),
(203040008,'离心机转子','', '',20304, 50, '', '', 0, '', 1, 0, '0'),
(204,'玻璃器皿','', '',2, 50, '', '', 0, '', 1, 0, '0'),
(20401,'瓶类','', '',204, 50, '', '', 0, '', 1, 0, '0'),
(204010001,'窄口瓶','', '',20401, 50, '', '', 0, '', 1, 0, '0'),
(204010002,'广口瓶','', '',20401, 50, '', '', 0, '', 1, 0, '0'),
(204010003,'试剂瓶','', '',20401, 50, '', '', 0, '', 1, 0, '0'),
(204010004,'滴瓶','', '',20401, 50, '', '', 0, '', 1, 0, '0'),
(204010005,'龙头瓶','', '',20401, 50, '', '', 0, '', 1, 0, '0'),
(204010006,'过滤瓶','', '',20401, 50, '', '', 0, '', 1, 0, '0'),
(204010007,'吸收瓶','', '',20401, 50, '', '', 0, '', 1, 0, '0'),
(204010008,'称量瓶','', '',20401, 50, '', '', 0, '', 1, 0, '0'),
(204010009,'杜瓦瓶','', '',20401, 50, '', '', 0, '', 1, 0, '0'),
(20402,'烧器量器类','', '',204, 50, '', '', 0, '', 1, 0, '0'),
(204020001,'烧杯','', '',20402, 50, '', '', 0, '', 1, 0, '0'),
(204020002,'三角烧瓶','', '',20402, 50, '', '', 0, '', 1, 0, '0'),
(204020003,'定碘烧瓶','', '',20402, 50, '', '', 0, '', 1, 0, '0'),
(204020004,'量筒','', '',20402, 50, '', '', 0, '', 1, 0, '0'),
(204020005,'量杯','', '',20402, 50, '', '', 0, '', 1, 0, '0'),
(204020006,'滴定管','', '',20402, 50, '', '', 0, '', 1, 0, '0'),
(204020007,'容量瓶','', '',20402, 50, '', '', 0, '', 1, 0, '0'),
(204020008,'比色管','', '',20402, 50, '', '', 0, '', 1, 0, '0'),
(204020009,'移液管','', '',20402, 50, '', '', 0, '', 1, 0, '0'),
(204020010,'吸管','', '',20402, 50, '', '', 0, '', 1, 0, '0'),
(204020011,'比重瓶','', '',20402, 50, '', '', 0, '', 1, 0, '0'),
(204020012,'钢铁量瓶','', '',20402, 50, '', '', 0, '', 1, 0, '0'),
(204020013,'测醛瓶','', '',20402, 50, '', '', 0, '', 1, 0, '0'),
(20403,'标准口类','', '',204, 50, '', '', 0, '', 1, 0, '0'),
(204030001,'分馏头','', '',20403, 50, '', '', 0, '', 1, 0, '0'),
(204030002,'干燥器','', '',20403, 50, '', '', 0, '', 1, 0, '0'),
(204030003,'反应瓶','', '',20403, 50, '', '', 0, '', 1, 0, '0'),
(204030004,'接受器','', '',20403, 50, '', '', 0, '', 1, 0, '0'),
(204030005,'冷凝管','', '',20403, 50, '', '', 0, '', 1, 0, '0'),
(204030006,'蒸馏头','', '',20403, 50, '', '', 0, '', 1, 0, '0'),
(204030007,'抽滤瓶','', '',20403, 50, '', '', 0, '', 1, 0, '0'),
(204030008,'反应器','', '',20403, 50, '', '', 0, '', 1, 0, '0'),
(204030009,'分馏柱','', '',20403, 50, '', '', 0, '', 1, 0, '0'),
(204030010,'分馏管','', '',20403, 50, '', '', 0, '', 1, 0, '0'),
(204030011,'导气管','', '',20403, 50, '', '', 0, '', 1, 0, '0'),
(204030012,'玻璃层析柱','', '',20403, 50, '', '', 0, '', 1, 0, '0'),
(204030013,'蒸馏器','', '',20403, 50, '', '', 0, '', 1, 0, '0'),
(20404,'石英制品','', '',204, 50, '', '', 0, '', 1, 0, '0'),
(204040001,'石英比色皿','', '',20404, 50, '', '', 0, '', 1, 0, '0'),
(204040002,'石英蒸发皿','', '',20404, 50, '', '', 0, '', 1, 0, '0'),
(204040003,'石英坩埚','', '',20404, 50, '', '', 0, '', 1, 0, '0'),
(204040004,'石英管','', '',20404, 50, '', '', 0, '', 1, 0, '0'),
(204040005,'石英棉','', '',20404, 50, '', '', 0, '', 1, 0, '0'),
(204040006,'石英片','', '',20404, 50, '', '', 0, '', 1, 0, '0'),
(204040007,'石英漏斗','', '',20404, 50, '', '', 0, '', 1, 0, '0'),
(20405,'皿管类','', '',204, 50, '', '', 0, '', 1, 0, '0'),
(204050001,'试管','', '',20405, 50, '', '', 0, '', 1, 0, '0'),
(204050002,'离心管','', '',20405, 50, '', '', 0, '', 1, 0, '0'),
(204050003,'载玻片','', '',20405, 50, '', '', 0, '', 1, 0, '0'),
(204050004,'表面皿','', '',20405, 50, '', '', 0, '', 1, 0, '0'),
(204050005,'蒸发皿','', '',20405, 50, '', '', 0, '', 1, 0, '0'),
(204050006,'培养皿','', '',20405, 50, '', '', 0, '', 1, 0, '0'),
(204050007,'结晶皿','', '',20405, 50, '', '', 0, '', 1, 0, '0'),
(204050008,'干燥管','', '',20405, 50, '', '', 0, '', 1, 0, '0'),
(204050009,'冷凝管','', '',20405, 50, '', '', 0, '', 1, 0, '0'),
(204050010,'抽气管','', '',20405, 50, '', '', 0, '', 1, 0, '0'),
(204050011,'气体采样管','', '',20405, 50, '', '', 0, '', 1, 0, '0'),
(204050012,'吸收管','', '',20405, 50, '', '', 0, '', 1, 0, '0'),
(204050013,'消化管','', '',20405, 50, '', '', 0, '', 1, 0, '0'),
(204050014,'分液漏斗','', '',20405, 50, '', '', 0, '', 1, 0, '0'),
(204050015,'短管标准漏斗/短颈漏斗','', '',20405, 50, '', '', 0, '', 1, 0, '0'),
(204050016,'长管标准漏斗/长颈漏斗','', '',20405, 50, '', '', 0, '', 1, 0, '0'),
(20406,'成套玻璃仪器','', '',204, 50, '', '', 0, '', 1, 0, '0'),
(204060001,'蒸馏器','', '',20406, 50, '', '', 0, '', 1, 0, '0'),
(204060002,'测水、测油','', '',20406, 50, '', '', 0, '', 1, 0, '0'),
(204060003,'测氨、测氮','', '',20406, 50, '', '', 0, '', 1, 0, '0'),
(204060004,'脂肪抽出器','', '',20406, 50, '', '', 0, '', 1, 0, '0'),
(20407,'其它玻璃制品','', '',204, 50, '', '', 0, '', 1, 0, '0'),
(204070001,'注射器','', '',20407, 50, '', '', 0, '', 1, 0, '0'),
(204070002,'温度计','', '',20407, 50, '', '', 0, '', 1, 0, '0'),
(204070003,'比重计','', '',20407, 50, '', '', 0, '', 1, 0, '0'),
(204070004,'密度计','', '',20407, 50, '', '', 0, '', 1, 0, '0'),
(204070005,'层析缸','', '',20407, 50, '', '', 0, '', 1, 0, '0'),
(204070006,'酒精灯','', '',20407, 50, '', '', 0, '', 1, 0, '0'),
(204070007,'研钵','', '',20407, 50, '', '', 0, '', 1, 0, '0'),
(204070008,'染色缸','', '',20407, 50, '', '', 0, '', 1, 0, '0'),
(204070009,'防溅球','', '',20407, 50, '', '', 0, '', 1, 0, '0'),
(205,'实验室常规耗材','', '',2, 50, '', '', 0, '', 1, 0, '0'),
(20501,'塑料制品','', '',205, 50, '', '', 0, '', 1, 0, '0'),
(205010001,'塑料烧杯','', '',20501, 50, '', '', 0, '', 1, 0, '0'),
(205010002,'塑料量筒','', '',20501, 50, '', '', 0, '', 1, 0, '0'),
(205010003,'塑料量杯','', '',20501, 50, '', '', 0, '', 1, 0, '0'),
(205010004,'一次性注射器','', '',20501, 50, '', '', 0, '', 1, 0, '0'),
(205010005,'塑料样品瓶','', '',20501, 50, '', '', 0, '', 1, 0, '0'),
(205010006,'塑料瓶','', '',20501, 50, '', '', 0, '', 1, 0, '0'),
(205010007,'洗瓶','', '',20501, 50, '', '', 0, '', 1, 0, '0'),
(205010008,'塑料离心管','', '',20501, 50, '', '', 0, '', 1, 0, '0'),
(20502,'陶瓷制品','', '',205, 50, '', '', 0, '', 1, 0, '0'),
(205020001,'布氏漏斗','', '',20502, 50, '', '', 0, '', 1, 0, '0'),
(205020002,'瓷元皿','', '',20502, 50, '', '', 0, '', 1, 0, '0'),
(205020003,'瓷舟','', '',20502, 50, '', '', 0, '', 1, 0, '0'),
(205020004,'陶瓷管','', '',20502, 50, '', '', 0, '', 1, 0, '0'),
(205020005,'瓷坩埚','', '',20502, 50, '', '', 0, '', 1, 0, '0'),
(20503,'金属制品','', '',205, 50, '', '', 0, '', 1, 0, '0'),
(205030001,'药匙','', '',20503, 50, '', '', 0, '', 1, 0, '0'),
(205030002,'刮刀','', '',20503, 50, '', '', 0, '', 1, 0, '0'),
(205030003,'试管架','', '',20503, 50, '', '', 0, '', 1, 0, '0'),
(205030004,'坩埚坩','', '',20503, 50, '', '', 0, '', 1, 0, '0'),
(205030005,'接口夹','', '',20503, 50, '', '', 0, '', 1, 0, '0'),
(205030006,'十字夹','', '',20503, 50, '', '', 0, '', 1, 0, '0'),
(205030007,'手术剪','', '',20503, 50, '', '', 0, '', 1, 0, '0'),
(205030008,'酒精喷灯','', '',20503, 50, '', '', 0, '', 1, 0, '0'),
(205030009,'打孔器','', '',20503, 50, '', '', 0, '', 1, 0, '0'),
(205030010,'三足台','', '',20503, 50, '', '', 0, '', 1, 0, '0'),
(205030011,'温度计夹','', '',20503, 50, '', '', 0, '', 1, 0, '0'),
(205030012,'水龙头','', '',20503, 50, '', '', 0, '', 1, 0, '0'),
(20504,'生化耗材','', '',205, 50, '', '', 0, '', 1, 0, '0'),
(205040001,'微孔板','', '',20504, 50, '', '', 0, '', 1, 0, '0'),
(205040002,'PCR耗材','', '',20504, 50, '', '', 0, '', 1, 0, '0'),
(205040003,'冷冻管盒','', '',20504, 50, '', '', 0, '', 1, 0, '0'),
(205040004,'培养瓶','', '',20504, 50, '', '', 0, '', 1, 0, '0'),
(205040005,'试剂条','', '',20504, 50, '', '', 0, '', 1, 0, '0'),
(205040006,'试剂卡','', '',20504, 50, '', '', 0, '', 1, 0, '0'),
(205040007,'移液枪头','', '',20504, 50, '', '', 0, '', 1, 0, '0'),
(20505,'纸类制品','', '',205, 50, '', '', 0, '', 1, 0, '0'),
(205050001,'PH试纸','', '',20505, 50, '', '', 0, '', 1, 0, '0'),
(205050002,'滤纸','', '',20505, 50, '', '', 0, '', 1, 0, '0'),
(205050003,'称量纸','', '',20505, 50, '', '', 0, '', 1, 0, '0'),
(205050004,'淀粉碘化钾试纸','', '',20505, 50, '', '', 0, '', 1, 0, '0'),
(205050005,'温度试纸','', '',20505, 50, '', '', 0, '', 1, 0, '0'),
(205050006,'标签纸','', '',20505, 50, '', '', 0, '', 1, 0, '0'),
(205050007,'色卡','', '',20505, 50, '', '', 0, '', 1, 0, '0'),
(205050008,'色标','', '',20505, 50, '', '', 0, '', 1, 0, '0'),
(20506,'四氟制品','', '',205, 50, '', '', 0, '', 1, 0, '0'),
(205060001,'氟化瓶','', '',20506, 50, '', '', 0, '', 1, 0, '0'),
(205060002,'四氟烧瓶','', '',20506, 50, '', '', 0, '', 1, 0, '0'),
(205060003,'四氟搅拌棒','', '',20506, 50, '', '', 0, '', 1, 0, '0'),
(205060004,'四氟烧杯','', '',20506, 50, '', '', 0, '', 1, 0, '0'),
(20507,'橡胶制品','', '',205, 50, '', '', 0, '', 1, 0, '0'),
(205070001,'橡胶塞','', '',20507, 50, '', '', 0, '', 1, 0, '0'),
(205070002,'洗耳球','', '',20507, 50, '', '', 0, '', 1, 0, '0'),
(205070003,'烧瓶托','', '',20507, 50, '', '', 0, '', 1, 0, '0'),
(205070004,'乳胶管','', '',20507, 50, '', '', 0, '', 1, 0, '0'),
(205070005,'橡胶管','', '',20507, 50, '', '', 0, '', 1, 0, '0'),
(205070006,'翻口塞','', '',20507, 50, '', '', 0, '', 1, 0, '0'),
(205070007,'其它橡胶制品','', '',20507, 50, '', '', 0, '', 1, 0, '0'),
(20508,'其它耗材','', '',205, 50, '', '', 0, '', 1, 0, '0'),
(205080001,'搪瓷方盘','', '',20508, 50, '', '', 0, '', 1, 0, '0'),
(205080002,'冻存器具','', '',20508, 50, '', '', 0, '', 1, 0, '0'),
(205080003,'双连球','', '',20508, 50, '', '', 0, '', 1, 0, '0'),
(205080004,'石棉网','', '',20508, 50, '', '', 0, '', 1, 0, '0'),
(3,'试剂标物','', '',0, 50, '', '', 0, '', 1, 0, '0'),
(301,'化学试剂','', '',3, 50, '', '', 0, '', 1, 0, '0'),
(30101,'通用试剂','', '',301, 50, '', '', 0, '', 1, 0, '0'),
(30102,'分析试剂','', '',301, 50, '', '', 0, '', 1, 0, '0'),
(30103,'高端试剂','', '',301, 50, '', '', 0, '', 1, 0, '0'),
(30104,'高纯试剂','', '',301, 50, '', '', 0, '', 1, 0, '0'),
(30105,'化工产品','', '',301, 50, '', '', 0, '', 1, 0, '0'),
(302,'功能试剂','', '',3, 50, '', '', 0, '', 1, 0, '0'),
(30201,'指示剂','', '',302, 50, '', '', 0, '', 1, 0, '0'),
(30202,'标准品','', '',302, 50, '', '', 0, '', 1, 0, '0'),
(30203,'仪器专用试剂','', '',302, 50, '', '', 0, '', 1, 0, '0'),
(30204,'专用气体','', '',302, 50, '', '', 0, '', 1, 0, '0'),
(302040001,'氮气','', '',30204, 50, '', '', 0, '', 1, 0, '0'),
(302040002,'一氧化碳','', '',30204, 50, '', '', 0, '', 1, 0, '0'),
(302040003,'二氧化碳','', '',30204, 50, '', '', 0, '', 1, 0, '0'),
(302040004,'石油化工用标准气体','', '',30204, 50, '', '', 0, '', 1, 0, '0'),
(302040005,'医疗卫生用标准气体','', '',30204, 50, '', '', 0, '', 1, 0, '0'),
(302040006,'环境检测用标准气体','', '',30204, 50, '', '', 0, '', 1, 0, '0'),
(30205,'环保试剂','', '',302, 50, '', '', 0, '', 1, 0, '0'),
(30206,'功能化工产品','', '',302, 50, '', '', 0, '', 1, 0, '0'),
(303,'生物试剂','', '',3, 50, '', '', 0, '', 1, 0, '0'),
(30301,'分子生物学试剂','', '',303, 50, '', '', 0, '', 1, 0, '0'),
(30302,'免疫学试剂','', '',303, 50, '', '', 0, '', 1, 0, '0'),
(30303,'细胞生物学试剂','', '',303, 50, '', '', 0, '', 1, 0, '0'),
(30304,'蛋白组学试剂','', '',303, 50, '', '', 0, '', 1, 0, '0'),
(30305,'临床诊断试剂','', '',303, 50, '', '', 0, '', 1, 0, '0'),
(30306,'动植物养殖专用试剂','', '',303, 50, '', '', 0, '', 1, 0, '0'),
(30307,'其它生化试剂','', '',303, 50, '', '', 0, '', 1, 0, '0'),
(4,'安全防护','', '',0, 50, '', '', 0, '', 1, 0, '0'),
(401,'个人防护','', '',4, 50, '', '', 0, '', 1, 0, '0'),
(40101,'头部防护','', '',401, 50, '', '', 0, '', 1, 0, '0'),
(401010001,'安全帽','', '',40101, 50, '', '', 0, '', 1, 0, '0'),
(401010002,'安全帽配套产品','', '',40101, 50, '', '', 0, '', 1, 0, '0'),
(40102,'眼面部防护','', '',401, 50, '', '', 0, '', 1, 0, '0'),
(401020001,'防护眼镜','', '',40102, 50, '', '', 0, '', 1, 0, '0'),
(401020002,'激光眼镜','', '',40102, 50, '', '', 0, '', 1, 0, '0'),
(401020003,'护目镜','', '',40102, 50, '', '', 0, '', 1, 0, '0'),
(401020004,'眼罩','', '',40102, 50, '', '', 0, '', 1, 0, '0'),
(401020005,'眼镜/护目镜配套产品','', '',40102, 50, '', '', 0, '', 1, 0, '0'),
(401020006,'防护面屏','', '',40102, 50, '', '', 0, '', 1, 0, '0'),
(40103,'呼吸防护','', '',401, 50, '', '', 0, '', 1, 0, '0'),
(401030001,'防护口罩','', '',40103, 50, '', '', 0, '', 1, 0, '0'),
(401030002,'防毒面具、滤盒','', '',40103, 50, '', '', 0, '', 1, 0, '0'),
(401030003,'空气呼吸器SCBA','', '',40103, 50, '', '', 0, '', 1, 0, '0'),
(401030004,'空气填充泵','', '',40103, 50, '', '', 0, '', 1, 0, '0'),
(401030005,'电动送风呼吸器','', '',40103, 50, '', '', 0, '', 1, 0, '0'),
(401030006,'长管供气呼吸器','', '',40103, 50, '', '', 0, '', 1, 0, '0'),
(40104,'听力防护','', '',401, 50, '', '', 0, '', 1, 0, '0'),
(401040001,'耳塞、耳罩','', '',40104, 50, '', '', 0, '', 1, 0, '0'),
(40105,'手部防护','', '',401, 50, '', '', 0, '', 1, 0, '0'),
(401050001,'防化手套','', '',40105, 50, '', '', 0, '', 1, 0, '0'),
(401050002,'一次性手套/洁净室手套','', '',40105, 50, '', '', 0, '', 1, 0, '0'),
(401050003,'防割手套','', '',40105, 50, '', '', 0, '', 1, 0, '0'),
(401050004,'干箱手套','', '',40105, 50, '', '', 0, '', 1, 0, '0'),
(401050005,'耐高温手套','', '',40105, 50, '', '', 0, '', 1, 0, '0'),
(401050006,'低温手套','', '',40105, 50, '', '', 0, '', 1, 0, '0'),
(401050007,'防震手套','', '',40105, 50, '', '', 0, '', 1, 0, '0'),
(401050008,'通用手套','', '',40105, 50, '', '', 0, '', 1, 0, '0'),
(40106,'足部防护','', '',401, 50, '', '', 0, '', 1, 0, '0'),
(401060001,'安全鞋','', '',40106, 50, '', '', 0, '', 1, 0, '0'),
(401060002,'防化靴','', '',40106, 50, '', '', 0, '', 1, 0, '0'),
(401060003,'保暖鞋/保暖靴','', '',40106, 50, '', '', 0, '', 1, 0, '0'),
(40107,'身体防护','', '',401, 50, '', '', 0, '', 1, 0, '0'),
(401070001,'白大褂/工作服','', '',40107, 50, '', '', 0, '', 1, 0, '0'),
(401070002,'防化服','', '',40107, 50, '', '', 0, '', 1, 0, '0'),
(401070003,'隔热服/避火服/阻燃服','', '',40107, 50, '', '', 0, '', 1, 0, '0'),
(401070004,'防静电服','', '',40107, 50, '', '', 0, '', 1, 0, '0'),
(401070005,'防寒服/防液氮服','', '',40107, 50, '', '', 0, '', 1, 0, '0'),
(401070006,'降温背心','', '',40107, 50, '', '', 0, '', 1, 0, '0'),
(401070007,'防割围裙','', '',40107, 50, '', '', 0, '', 1, 0, '0'),
(401070008,'雨衣','', '',40107, 50, '', '', 0, '', 1, 0, '0'),
(40108,'坠落防护','', '',401, 50, '', '', 0, '', 1, 0, '0'),
(401080001,'安全带','', '',40108, 50, '', '', 0, '', 1, 0, '0'),
(401080002,'安全绳','', '',40108, 50, '', '', 0, '', 1, 0, '0'),
(401080003,'坠落制动器','', '',40108, 50, '', '', 0, '', 1, 0, '0'),
(401080004,'连接件和锚点','', '',40108, 50, '', '', 0, '', 1, 0, '0'),
(401080005,'防坠落系统','', '',40108, 50, '', '', 0, '', 1, 0, '0'),
(40109,'焊接作业防护','', '',401, 50, '', '', 0, '', 1, 0, '0'),
(401090001,'焊接眼罩/眼镜','', '',40109, 50, '', '', 0, '', 1, 0, '0'),
(401090002,'焊接面罩','', '',40109, 50, '', '', 0, '', 1, 0, '0'),
(401090003,'焊接口罩','', '',40109, 50, '', '', 0, '', 1, 0, '0'),
(401090004,'焊接防护服/围裙','', '',40109, 50, '', '', 0, '', 1, 0, '0'),
(401090005,'焊接手套','', '',40109, 50, '', '', 0, '', 1, 0, '0'),
(401090006,'皮脚盖','', '',40109, 50, '', '', 0, '', 1, 0, '0'),
(401090007,'焊接手袖','', '',40109, 50, '', '', 0, '', 1, 0, '0'),
(401090008,'防火阻燃布焊帽','', '',40109, 50, '', '', 0, '', 1, 0, '0'),
(401090009,'焊枪喉保护套','', '',40109, 50, '', '', 0, '', 1, 0, '0'),
(401090010,'焊枝袋','', '',40109, 50, '', '', 0, '', 1, 0, '0'),
(401090011,'焊接防护屏/毯','', '',40109, 50, '', '', 0, '', 1, 0, '0'),
(40110,'电力作业防护','', '',401, 50, '', '', 0, '', 1, 0, '0'),
(401100001,'绝缘防护','', '',40110, 50, '', '', 0, '', 1, 0, '0'),
(401100002,'绝缘工具、仪器','', '',40110, 50, '', '', 0, '', 1, 0, '0'),
(401100003,'电弧防护','', '',40110, 50, '', '', 0, '', 1, 0, '0'),
(401100004,'静电无尘防护','', '',40110, 50, '', '', 0, '', 1, 0, '0'),
(40111,'消防救援防护','', '',401, 50, '', '', 0, '', 1, 0, '0'),
(401110001,'受限空间救援','', '',40111, 50, '', '', 0, '', 1, 0, '0'),
(401110002,'消防头盔','', '',40111, 50, '', '', 0, '', 1, 0, '0'),
(401110003,'消防手套','', '',40111, 50, '', '', 0, '', 1, 0, '0'),
(401110004,'消防战斗服','', '',40111, 50, '', '', 0, '', 1, 0, '0'),
(401110005,'消防战斗靴','', '',40111, 50, '', '', 0, '', 1, 0, '0'),
(401110006,'消防呼救器','', '',40111, 50, '', '', 0, '', 1, 0, '0'),
(401110007,'逃生缓降器','', '',40111, 50, '', '', 0, '', 1, 0, '0'),
(401110008,'逃生绳','', '',40111, 50, '', '', 0, '', 1, 0, '0'),
(401110009,'逃生呼吸器','', '',40111, 50, '', '', 0, '', 1, 0, '0'),
(401110010,'灭火毯','', '',40111, 50, '', '', 0, '', 1, 0, '0'),
(401110011,'灭火器','', '',40111, 50, '', '', 0, '', 1, 0, '0'),
(401110012,'洗眼器','', '',40111, 50, '', '', 0, '', 1, 0, '0'),
(401110013,'消毒喷雾器','', '',40111, 50, '', '', 0, '', 1, 0, '0'),
(401110014,'臭氧消毒器','', '',40111, 50, '', '', 0, '', 1, 0, '0'),
(401110015,'急救箱','', '',40111, 50, '', '', 0, '', 1, 0, '0'),
(401110016,'急救包','', '',40111, 50, '', '', 0, '', 1, 0, '0'),
(401110017,'急救担架','', '',40111, 50, '', '', 0, '', 1, 0, '0'),
(401110018,'包扎固定','', '',40111, 50, '', '', 0, '', 1, 0, '0'),
(401110019,'脱脂棉','', '',40111, 50, '', '', 0, '', 1, 0, '0'),
(401110020,'吸附棉','', '',40111, 50, '', '', 0, '', 1, 0, '0'),
(40112,'特殊防护','', '',401, 50, '', '', 0, '', 1, 0, '0'),
(401120001,'禽流感防护','', '',40112, 50, '', '', 0, '', 1, 0, '0'),
(401120002,'雾霾防护','', '',40112, 50, '', '', 0, '', 1, 0, '0'),
(402,'安全存储运输','', '',4, 50, '', '', 0, '', 1, 0, '0'),
(40201,'化学品储存容器','', '',402, 50, '', '', 0, '', 1, 0, '0'),
(40202,'化学品储存柜','', '',402, 50, '', '', 0, '', 1, 0, '0'),
(40203,'灭菌包装袋','', '',402, 50, '', '', 0, '', 1, 0, '0'),
(40204,'实验室运输篮','', '',402, 50, '', '', 0, '', 1, 0, '0'),
(40205,'放射性样品储存','', '',402, 50, '', '', 0, '', 1, 0, '0'),
(40206,'危险液体储存','', '',402, 50, '', '', 0, '', 1, 0, '0'),
(40207,'易燃液体防火安全柜','', '',402, 50, '', '', 0, '', 1, 0, '0'),
(40208,'腐蚀性化学品安全柜','', '',402, 50, '', '', 0, '', 1, 0, '0'),
(40209,'安全箱','', '',402, 50, '', '', 0, '', 1, 0, '0'),
(40210,'仪器箱','', '',402, 50, '', '', 0, '', 1, 0, '0'),
(403,'清洁护理','', '',4, 50, '', '', 0, '', 1, 0, '0'),
(40301,'洗眼液','', '',403, 50, '', '', 0, '', 1, 0, '0'),
(40302,'洗手液','', '',403, 50, '', '', 0, '', 1, 0, '0'),
(40303,'消毒剂','', '',403, 50, '', '', 0, '', 1, 0, '0'),
(40304,'仪器清洁剂','', '',403, 50, '', '', 0, '', 1, 0, '0'),
(40305,'无尘擦拭布','', '',403, 50, '', '', 0, '', 1, 0, '0'),
(40306,'百洁布','', '',403, 50, '', '', 0, '', 1, 0, '0'),
(40307,'刷子','', '',403, 50, '', '', 0, '', 1, 0, '0'),
(404,'废物处理','', '',4, 50, '', '', 0, '', 1, 0, '0'),
(40401,'安全废液瓶','', '',404, 50, '', '', 0, '', 1, 0, '0'),
(40402,'生物危险品处理袋','', '',404, 50, '', '', 0, '', 1, 0, '0'),
(40403,'生物危险品罐','', '',404, 50, '', '', 0, '', 1, 0, '0'),
(40404,'废弃物收集桶','', '',404, 50, '', '', 0, '', 1, 0, '0'),
(40405,'泄漏吸附工具','', '',404, 50, '', '', 0, '', 1, 0, '0'),
(40406,'盛漏托盘','', '',404, 50, '', '', 0, '', 1, 0, '0'),
(40407,'堵漏工具','', '',404, 50, '', '', 0, '', 1, 0, '0'),
(405,'安全标识','', '',4, 50, '', '', 0, '', 1, 0, '0'),
(40501,'实验室标签打印机/标识打印机','', '',405, 50, '', '', 0, '', 1, 0, '0'),
(40502,'实验室标识','', '',405, 50, '', '', 0, '', 1, 0, '0'),
(40503,'安全警示标识','', '',405, 50, '', '', 0, '', 1, 0, '0'),
(40504,'交通安全标识','', '',405, 50, '', '', 0, '', 1, 0, '0'),
(40505,'V型立体标识','', '',405, 50, '', '', 0, '', 1, 0, '0'),
(40506,'安全警示地贴','', '',405, 50, '', '', 0, '', 1, 0, '0'),
(40507,'管道标识','', '',405, 50, '', '', 0, '', 1, 0, '0'),
(40508,'消防器材标识','', '',405, 50, '', '', 0, '', 1, 0, '0'),
(40509,'消防应急疏散标识','', '',405, 50, '', '', 0, '', 1, 0, '0'),
(40510,'紧急疏散图框架','', '',405, 50, '', '', 0, '', 1, 0, '0'),
(40511,'安全文化宣传图','', '',405, 50, '', '', 0, '', 1, 0, '0'),
(406,'安全锁具','', '',4, 50, '', '', 0, '', 1, 0, '0'),
(40601,'安全挂锁','', '',406, 50, '', '', 0, '', 1, 0, '0'),
(40602,'缆锁/链锁','', '',406, 50, '', '', 0, '', 1, 0, '0'),
(40603,'阀门安全锁具','', '',406, 50, '', '', 0, '', 1, 0, '0'),
(40604,'锁钩/多点锁扣','', '',406, 50, '', '', 0, '', 1, 0, '0'),
(40605,'断路器开关锁','', '',406, 50, '', '', 0, '', 1, 0, '0'),
(40606,'电气锁/开关锁','', '',406, 50, '', '', 0, '', 1, 0, '0'),
(40607,'便携锁具箱','', '',406, 50, '', '', 0, '', 1, 0, '0'),
(40608,'锁具挂板/锁具站','', '',406, 50, '', '', 0, '', 1, 0, '0'),
(40609,'安全锁具套装','', '',406, 50, '', '', 0, '', 1, 0, '0'),
(40610,'安全吊牌/挂牌','', '',406, 50, '', '', 0, '', 1, 0, '0'),
(40611,'商业锁具','', '',406, 50, '', '', 0, '', 1, 0, '0'),
(407,'其它安防工具','', '',4, 50, '', '', 0, '', 1, 0, '0'),
(40701,'试验台吸水垫','', '',407, 50, '', '', 0, '', 1, 0, '0'),
(40702,'试验台保护垫','', '',407, 50, '', '', 0, '', 1, 0, '0'),
(40703,'防爆照明','', '',407, 50, '', '', 0, '', 1, 0, '0'),
(40704,'电工胶带','', '',407, 50, '', '', 0, '', 1, 0, '0'),
(40705,'特种电气胶带','', '',407, 50, '', '', 0, '', 1, 0, '0'),
(40706,'双面胶带','', '',407, 50, '', '', 0, '', 1, 0, '0'),
(40707,'遮蔽胶带','', '',407, 50, '', '', 0, '', 1, 0, '0'),
(5,'实验室家具','', '',0, 50, '', '', 0, '', 1, 0, '0'),
(501,'试验台','', '',5, 50, '', '', 0, '', 1, 0, '0'),
(502,'柜体','', '',5, 50, '', '', 0, '', 1, 0, '0'),
(503,'实验架','', '',5, 50, '', '', 0, '', 1, 0, '0'),
(504,'实验室水斗','', '',5, 50, '', '', 0, '', 1, 0, '0'),
(505,'通风系统','', '',5, 50, '', '', 0, '', 1, 0, '0'),
(506,'办公隔断','', '',5, 50, '', '', 0, '', 1, 0, '0'),
(6,'五金工具','', '',0, 50, '', '', 0, '', 1, 0, '0'),
(601,'手动工具','', '',6, 50, '', '', 0, '', 1, 0, '0'),
(60101,'综合套装工具/工具箱、包','', '',601, 50, '', '', 0, '', 1, 0, '0'),
(60102,'扳手组套','', '',601, 50, '', '', 0, '', 1, 0, '0'),
(60103,'活动扳手','', '',601, 50, '', '', 0, '', 1, 0, '0'),
(60104,'两用扳手','', '',601, 50, '', '', 0, '', 1, 0, '0'),
(60105,'棘轮扳手','', '',601, 50, '', '', 0, '', 1, 0, '0'),
(60106,'内六角扳手','', '',601, 50, '', '', 0, '', 1, 0, '0'),
(60107,'扭力扳手','', '',601, 50, '', '', 0, '', 1, 0, '0'),
(60108,'钳','', '',601, 50, '', '', 0, '', 1, 0, '0'),
(60109,'手动套筒及配件','', '',601, 50, '', '', 0, '', 1, 0, '0'),
(60110,'剪','', '',601, 50, '', '', 0, '', 1, 0, '0'),
(60111,'螺丝批','', '',601, 50, '', '', 0, '', 1, 0, '0'),
(60112,'开口扳手','', '',601, 50, '', '', 0, '', 1, 0, '0'),
(60113,'梅花扳手','', '',601, 50, '', '', 0, '', 1, 0, '0'),
(60114,'套筒套装','', '',601, 50, '', '', 0, '', 1, 0, '0'),
(60115,'旋具套筒','', '',601, 50, '', '', 0, '', 1, 0, '0'),
(602,'电动工具','', '',6, 50, '', '', 0, '', 1, 0, '0'),
(60201,'手电钻','', '',602, 50, '', '', 0, '', 1, 0, '0'),
(60202,'电锤锤钻','', '',602, 50, '', '', 0, '', 1, 0, '0'),
(60203,'电镐','', '',602, 50, '', '', 0, '', 1, 0, '0'),
(60204,'角磨机','', '',602, 50, '', '', 0, '', 1, 0, '0'),
(60205,'冲击扳手','', '',602, 50, '', '', 0, '', 1, 0, '0'),
(60206,'抛光机','', '',602, 50, '', '', 0, '', 1, 0, '0'),
(60207,'电圆锯','', '',602, 50, '', '', 0, '', 1, 0, '0'),
(60208,'往复锯','', '',602, 50, '', '', 0, '', 1, 0, '0'),
(60209,'曲线锯','', '',602, 50, '', '', 0, '', 1, 0, '0'),
(60210,'斜断锯','', '',602, 50, '', '', 0, '', 1, 0, '0'),
(60211,'介铝机','', '',602, 50, '', '', 0, '', 1, 0, '0'),
(60212,'电磨、直磨机','', '',602, 50, '', '', 0, '', 1, 0, '0'),
(60213,'型材切割机、云石机','', '',602, 50, '', '', 0, '', 1, 0, '0'),
(60214,'砂光机、砂带机','', '',602, 50, '', '', 0, '', 1, 0, '0'),
(60215,'电动工具配件','', '',602, 50, '', '', 0, '', 1, 0, '0'),
(603,'充电式工具','', '',6, 50, '', '', 0, '', 1, 0, '0'),
(60301,'充电式锤钻','', '',603, 50, '', '', 0, '', 1, 0, '0'),
(60302,'充电式起子机/电钻 ','', '',603, 50, '', '', 0, '', 1, 0, '0'),
(60303,'充电式扳手 ','', '',603, 50, '', '', 0, '', 1, 0, '0'),
(60304,'充电式锯类','', '',603, 50, '', '', 0, '', 1, 0, '0'),
(604,'气动工具','', '',6, 50, '', '', 0, '', 1, 0, '0'),
(60401,'气动扳手','', '',604, 50, '', '', 0, '', 1, 0, '0'),
(60402,'气动螺丝起子','', '',604, 50, '', '', 0, '', 1, 0, '0'),
(60403,'气钻','', '',604, 50, '', '', 0, '', 1, 0, '0'),
(60404,'气动砂轮机','', '',604, 50, '', '', 0, '', 1, 0, '0'),
(60405,'砂磨机及抛光机','', '',604, 50, '', '', 0, '', 1, 0, '0'),
(60406,'气动铆接工具','', '',604, 50, '', '', 0, '', 1, 0, '0'),
(60407,'气动切割','', '',604, 50, '', '', 0, '', 1, 0, '0'),
(60408,'喷枪','', '',604, 50, '', '', 0, '', 1, 0, '0'),
(60409,'空压机','', '',604, 50, '', '', 0, '', 1, 0, '0'),
(60410,'气动锤击凿削','', '',604, 50, '', '', 0, '', 1, 0, '0'),
(7,'二手仪器','', '',0, 50, '', '', 0, '', 1, 0, '0'),
(701,'化学分析仪器','', '',7, 50, '', '', 0, '', 1, 0, '0'),
(70101,'色谱','', '',701, 50, '', '', 0, '', 1, 0, '0'),
(701010001,'气相色谱（GC）','', '',70101, 50, '', '', 0, '', 1, 0, '0'),
(701010002,'液相色谱（LC）','', '',70101, 50, '', '', 0, '', 1, 0, '0'),
(701010003,'离子色谱','', '',70101, 50, '', '', 0, '', 1, 0, '0'),
(701010004,'毛细管电泳','', '',70101, 50, '', '', 0, '', 1, 0, '0'),
(701010005,'制备液相色谱','', '',70101, 50, '', '', 0, '', 1, 0, '0'),
(701010006,'凝胶渗透色谱','', '',70101, 50, '', '', 0, '', 1, 0, '0'),
(701010007,'薄层色谱','', '',70101, 50, '', '', 0, '', 1, 0, '0'),
(701010008,'便携式气相色谱','', '',70101, 50, '', '', 0, '', 1, 0, '0'),
(701010009,'高速逆流色谱','', '',70101, 50, '', '', 0, '', 1, 0, '0'),
(701010010,'氨基酸分析仪','', '',70101, 50, '', '', 0, '', 1, 0, '0'),
(701010011,'热解吸仪','', '',70101, 50, '', '', 0, '', 1, 0, '0'),
(701010012,'热裂解器','', '',70101, 50, '', '', 0, '', 1, 0, '0'),
(701010013,'顶空进样器','', '',70101, 50, '', '', 0, '', 1, 0, '0'),
(701010014,'自动进样器','', '',70101, 50, '', '', 0, '', 1, 0, '0'),
(701010015,'轴向压缩系统','', '',70101, 50, '', '', 0, '', 1, 0, '0'),
(701010016,'非对称场流分离仪','', '',70101, 50, '', '', 0, '', 1, 0, '0'),
(701010017,'色谱检测器','', '',70101, 50, '', '', 0, '', 1, 0, '0'),
(701010018,'柱后衍生装置','', '',70101, 50, '', '', 0, '', 1, 0, '0'),
(701010019,'吸附管老化活化仪','', '',70101, 50, '', '', 0, '', 1, 0, '0'),
(701010020,'馏分收集器','', '',70101, 50, '', '', 0, '', 1, 0, '0'),
(701010021,'色谱高压泵','', '',70101, 50, '', '', 0, '', 1, 0, '0'),
(701010022,'柱温箱','', '',70101, 50, '', '', 0, '', 1, 0, '0'),
(70102,'光谱','', '',701, 50, '', '', 0, '', 1, 0, '0'),
(701020001,'紫外分光光度计（UV）','', '',70102, 50, '', '', 0, '', 1, 0, '0'),
(701020002,'原子吸收光谱（AAS）','', '',70102, 50, '', '', 0, '', 1, 0, '0'),
(701020003,'红外光谱（IR）','', '',70102, 50, '', '', 0, '', 1, 0, '0'),
(701020004,'电感耦合等离子体发射光谱仪（ICP）','', '',70102, 50, '', '', 0, '', 1, 0, '0'),
(701020005,'近红外光谱(NIR)','', '',70102, 50, '', '', 0, '', 1, 0, '0'),
(701020006,'原子荧光光谱（AFS）','', '',70102, 50, '', '', 0, '', 1, 0, '0'),
(701020007,'光电直读光谱仪','', '',70102, 50, '', '', 0, '', 1, 0, '0'),
(701020008,'激光拉曼光谱（RAMAN）','', '',70102, 50, '', '', 0, '', 1, 0, '0'),
(701020009,'分子荧光光谱','', '',70102, 50, '', '', 0, '', 1, 0, '0'),
(701020010,'气相分子吸收光谱仪（GMA）','', '',70102, 50, '', '', 0, '', 1, 0, '0'),
(701020011,'穆斯堡尔光谱仪','', '',70102, 50, '', '', 0, '', 1, 0, '0'),
(701020012,'光纤光谱仪','', '',70102, 50, '', '', 0, '', 1, 0, '0'),
(701020013,'便携式分光光度计','', '',70102, 50, '', '', 0, '', 1, 0, '0'),
(701020014,'光栅光谱仪(单色仪)','', '',70102, 50, '', '', 0, '', 1, 0, '0'),
(701020015,'圆二色光谱仪','', '',70102, 50, '', '', 0, '', 1, 0, '0'),
(701020016,'火焰光度计','', '',70102, 50, '', '', 0, '', 1, 0, '0'),
(701020017,'辉光放电光谱仪','', '',70102, 50, '', '', 0, '', 1, 0, '0'),
(701020018,'激光诱导击穿光谱仪（LIBS）','', '',70102, 50, '', '', 0, '', 1, 0, '0'),
(70103,'质谱','', '',701, 50, '', '', 0, '', 1, 0, '0'),
(701030001,'气质联用仪（GC-MS）','', '',70103, 50, '', '', 0, '', 1, 0, '0'),
(701030002,'液质联用仪（LC-MS）','', '',70103, 50, '', '', 0, '', 1, 0, '0'),
(701030003,'同位素质谱仪(IRMS)','', '',70103, 50, '', '', 0, '', 1, 0, '0'),
(701030004,'等离子体质谱仪（ICP-MS）','', '',70103, 50, '', '', 0, '', 1, 0, '0'),
(701030005,'生物质谱（MALDI-TOF）','', '',70103, 50, '', '', 0, '', 1, 0, '0'),
(701030006,'便携/车载式气质联用仪（GC-MS）','', '',70103, 50, '', '', 0, '', 1, 0, '0'),
(701030007,'氦质谱检漏仪','', '',70103, 50, '', '', 0, '', 1, 0, '0'),
(701030008,'二次离子质谱（SIMS）','', '',70103, 50, '', '', 0, '', 1, 0, '0'),
(701030009,'辉光放电质谱（GDMS）','', '',70103, 50, '', '', 0, '', 1, 0, '0'),
(70104,'X射线仪器','', '',701, 50, '', '', 0, '', 1, 0, '0'),
(701040001,'X射线衍射仪(XRD)','', '',70104, 50, '', '', 0, '', 1, 0, '0'),
(701040002,'能量色散型X荧光光谱仪（ED-XRF）','', '',70104, 50, '', '', 0, '', 1, 0, '0'),
(701040003,'波长色散性X荧光光谱仪（WD-XRF）','', '',70104, 50, '', '', 0, '', 1, 0, '0'),
(701040004,'X射线光电子能谱仪(XPS/ESCA)','', '',70104, 50, '', '', 0, '', 1, 0, '0'),
(701040005,'电子探针X射线显微分析仪(EPMA)','', '',70104, 50, '', '', 0, '', 1, 0, '0'),
(701040006,'X射线应力分析仪','', '',70104, 50, '', '', 0, '', 1, 0, '0'),
(701040007,'俄歇电子能谱（AES）','', '',70104, 50, '', '', 0, '', 1, 0, '0'),
(701040008,'X射线定向仪（X-RAY NDT）','', '',70104, 50, '', '', 0, '', 1, 0, '0'),
(70105,'电化学仪器','', '',701, 50, '', '', 0, '', 1, 0, '0'),
(701050001,'卡尔费休水分测定仪/卡氏水分测定仪','', '',70105, 50, '', '', 0, '', 1, 0, '0'),
(701050002,'PH计/酸度计','', '',70105, 50, '', '', 0, '', 1, 0, '0'),
(701050003,'极谱仪/伏安仪','', '',70105, 50, '', '', 0, '', 1, 0, '0'),
(701050004,'电化学工作站/恒电位仪','', '',70105, 50, '', '', 0, '', 1, 0, '0'),
(701050005,'自动电位滴定仪','', '',70105, 50, '', '', 0, '', 1, 0, '0'),
(701050006,'电导率仪/电导仪/盐度计','', '',70105, 50, '', '', 0, '', 1, 0, '0'),
(701050007,'库仑仪','', '',70105, 50, '', '', 0, '', 1, 0, '0'),
(701050008,'ORP测量仪','', '',70105, 50, '', '', 0, '', 1, 0, '0'),
(701050009,'石英晶体微天平','', '',70105, 50, '', '', 0, '', 1, 0, '0'),
(701050010,'腐蚀测试仪','', '',70105, 50, '', '', 0, '', 1, 0, '0'),
(70106,'元素分析仪器','', '',701, 50, '', '', 0, '', 1, 0, '0'),
(701060001,'碳硫分析仪/红外碳硫仪','', '',70106, 50, '', '', 0, '', 1, 0, '0'),
(701060002,'测汞仪','', '',70106, 50, '', '', 0, '', 1, 0, '0'),
(701060003,'定氮仪/蛋白测定仪','', '',70106, 50, '', '', 0, '', 1, 0, '0'),
(701060004,'有机元素分析仪','', '',70106, 50, '', '', 0, '', 1, 0, '0'),
(701060005,'硫氮分析仪','', '',70106, 50, '', '', 0, '', 1, 0, '0'),
(701060006,'氧氮分析仪/氧氮氢分析仪','', '',70106, 50, '', '', 0, '', 1, 0, '0'),
(701060007,'金属多元素分析仪','', '',70106, 50, '', '', 0, '', 1, 0, '0'),
(701060008,'钙铁煤分析仪','', '',70106, 50, '', '', 0, '', 1, 0, '0'),
(701060009,'碳硅分析仪','', '',70106, 50, '', '', 0, '', 1, 0, '0'),
(70107,'波谱','', '',701, 50, '', '', 0, '', 1, 0, '0'),
(701070001,'核磁共振(NMR)','', '',70107, 50, '', '', 0, '', 1, 0, '0'),
(701070002,'电子顺磁共振波谱仪(ESR)','', '',70107, 50, '', '', 0, '', 1, 0, '0'),
(70108,'水分测定仪','', '',701, 50, '', '', 0, '', 1, 0, '0'),
(701080001,'微波水分测定仪','', '',70108, 50, '', '', 0, '', 1, 0, '0'),
(701080002,'红外水份测定仪/卤素灯水份测定仪','', '',70108, 50, '', '', 0, '', 1, 0, '0'),
(701080003,'露点水分测定仪/露点仪','', '',70108, 50, '', '', 0, '', 1, 0, '0'),
(701080004,'电容水分测定仪/电阻水分测定仪','', '',70108, 50, '', '', 0, '', 1, 0, '0'),
(70109,'其它化学分析仪器','', '',701, 50, '', '', 0, '', 1, 0, '0'),
(701090001,'流动分析仪/流动注射分析仪','', '',70109, 50, '', '', 0, '', 1, 0, '0'),
(701090002,'感官智能分析系统（电子鼻/电子舌）','', '',70109, 50, '', '', 0, '', 1, 0, '0'),
(701090003,'离子迁移谱仪（IMS）','', '',70109, 50, '', '', 0, '', 1, 0, '0'),
(702,'生命科学仪器及设备','', '',7, 50, '', '', 0, '', 1, 0, '0'),
(70201,'分子生物学仪器','', '',702, 50, '', '', 0, '', 1, 0, '0'),
(702010001,'基因扩增仪(PCR)','', '',70201, 50, '', '', 0, '', 1, 0, '0'),
(702010002,'基因导入仪/细胞融合仪','', '',70201, 50, '', '', 0, '', 1, 0, '0'),
(702010003,'多肽合成仪','', '',70201, 50, '', '', 0, '', 1, 0, '0'),
(702010004,'DNA测序仪/基因测序仪','', '',70201, 50, '', '', 0, '', 1, 0, '0'),
(702010005,'蛋白质层析纯化系统','', '',70201, 50, '', '', 0, '', 1, 0, '0'),
(702010006,'流式细胞仪','', '',70201, 50, '', '', 0, '', 1, 0, '0'),
(702010007,'细胞计数器/细胞计数仪','', '',70201, 50, '', '', 0, '', 1, 0, '0'),
(702010008,'核酸分子杂交仪','', '',70201, 50, '', '', 0, '', 1, 0, '0'),
(702010009,'化学发光分析仪','', '',70201, 50, '', '', 0, '', 1, 0, '0'),
(702010010,'紫外分析仪/紫外检测仪/紫外透射仪','', '',70201, 50, '', '', 0, '', 1, 0, '0'),
(702010011,'凝胶电泳仪/电泳仪/电泳槽','', '',70201, 50, '', '', 0, '', 1, 0, '0'),
(702010012,'凝胶成像系统','', '',70201, 50, '', '', 0, '', 1, 0, '0'),
(702010013,'活体成像系统','', '',70201, 50, '', '', 0, '', 1, 0, '0'),
(702010014,'核酸纯化系统/核酸提取仪','', '',70201, 50, '', '', 0, '', 1, 0, '0'),
(702010015,'生物大分子相互作用仪/表面等离子体共振','', '',70201, 50, '', '', 0, '', 1, 0, '0'),
(702010016,'稀释器','', '',70201, 50, '', '', 0, '', 1, 0, '0'),
(702010017,'蛋白印迹仪','', '',70201, 50, '', '', 0, '', 1, 0, '0'),
(702010018,'微孔板热封仪','', '',70201, 50, '', '', 0, '', 1, 0, '0'),
(70202,'微生物检测仪器','', '',702, 50, '', '', 0, '', 1, 0, '0'),
(702020001,'菌落计数器、菌落分析仪','', '',70202, 50, '', '', 0, '', 1, 0, '0'),
(702020002,'微生物鉴定系统','', '',70202, 50, '', '', 0, '', 1, 0, '0'),
(702020003,'微生物检测系统/微生物快速检测系统','', '',70202, 50, '', '', 0, '', 1, 0, '0'),
(702020004,'接种仪','', '',70202, 50, '', '', 0, '', 1, 0, '0'),
(702020005,'大肠杆菌检测仪','', '',70202, 50, '', '', 0, '', 1, 0, '0'),
(702020006,'平板分装仪','', '',70202, 50, '', '', 0, '', 1, 0, '0'),
(70203,'植物生理生态仪器 ','', '',702, 50, '', '', 0, '', 1, 0, '0'),
(702030001,'水势仪','', '',70203, 50, '', '', 0, '', 1, 0, '0'),
(702030002,'叶绿素仪/叶绿素测定仪','', '',70203, 50, '', '', 0, '', 1, 0, '0'),
(702030003,'叶面积仪/叶面积测定仪','', '',70203, 50, '', '', 0, '', 1, 0, '0'),
(702030004,'光合仪/光合作用测定仪','', '',70203, 50, '', '', 0, '', 1, 0, '0'),
(702030005,'土壤碳通量测定系统','', '',70203, 50, '', '', 0, '', 1, 0, '0'),
(702030006,'植物荧光成像仪','', '',70203, 50, '', '', 0, '', 1, 0, '0'),
(702030007,'气孔计','', '',70203, 50, '', '', 0, '', 1, 0, '0'),
(702030008,'茎流计/茎流仪','', '',70203, 50, '', '', 0, '', 1, 0, '0'),
(702030009,'植物根系生长监测系统/植物根系生态监测系统','', '',70203, 50, '', '', 0, '', 1, 0, '0'),
(702030010,'冠层分析仪','', '',70203, 50, '', '', 0, '', 1, 0, '0'),
(702030011,'作物无损检测','', '',70203, 50, '', '', 0, '', 1, 0, '0'),
(70204,'动物实验仪器','', '',702, 50, '', '', 0, '', 1, 0, '0'),
(702040001,'动物呼吸机','', '',70204, 50, '', '', 0, '', 1, 0, '0'),
(702040002,'动物行为学研究仪器','', '',70204, 50, '', '', 0, '', 1, 0, '0'),
(702040003,'测痛仪','', '',70204, 50, '', '', 0, '', 1, 0, '0'),
(702040004,'脑立体定位仪','', '',70204, 50, '', '', 0, '', 1, 0, '0'),
(702040005,'动物麻醉机','', '',70204, 50, '', '', 0, '', 1, 0, '0'),
(702040006,'染毒装置','', '',70204, 50, '', '', 0, '', 1, 0, '0'),
(702040007,'动物代谢检测系统','', '',70204, 50, '', '', 0, '', 1, 0, '0'),
(70205,'临床检验仪器设备','', '',702, 50, '', '', 0, '', 1, 0, '0'),
(702050001,'酶标仪','', '',70205, 50, '', '', 0, '', 1, 0, '0'),
(702050002,'生化分析仪','', '',70205, 50, '', '', 0, '', 1, 0, '0'),
(702050003,'洗板机','', '',70205, 50, '', '', 0, '', 1, 0, '0'),
(702050004,'组织细胞染色机','', '',70205, 50, '', '', 0, '', 1, 0, '0'),
(702050005,'盖片机','', '',70205, 50, '', '', 0, '', 1, 0, '0'),
(70206,'生物工程设备','', '',702, 50, '', '', 0, '', 1, 0, '0'),
(702060001,'振荡器、摇床、混匀器','', '',70206, 50, '', '', 0, '', 1, 0, '0'),
(702060002,'发酵罐','', '',70206, 50, '', '', 0, '', 1, 0, '0'),
(702060003,'细胞反应器','', '',70206, 50, '', '', 0, '', 1, 0, '0'),
(702060004,'过滤器、超滤、微滤系统','', '',70206, 50, '', '', 0, '', 1, 0, '0'),
(702060005,'培养箱','', '',70206, 50, '', '', 0, '', 1, 0, '0'),
(702060006,'液氮罐','', '',70206, 50, '', '', 0, '', 1, 0, '0'),
(702060007,'转瓶机（细胞培养用）','', '',70206, 50, '', '', 0, '', 1, 0, '0'),
(702060008,'细胞破碎仪','', '',70206, 50, '', '', 0, '', 1, 0, '0'),
(70207,'生物芯片','', '',702, 50, '', '', 0, '', 1, 0, '0'),
(702070001,'芯片点样仪','', '',70207, 50, '', '', 0, '', 1, 0, '0'),
(702070002,'芯片杂交仪','', '',70207, 50, '', '', 0, '', 1, 0, '0'),
(702070003,'芯片洗干仪','', '',70207, 50, '', '', 0, '', 1, 0, '0'),
(702070004,'芯片扫描仪','', '',70207, 50, '', '', 0, '', 1, 0, '0'),
(703,'实验室通用设备','', '',7, 50, '', '', 0, '', 1, 0, '0'),
(70301,'清洗、消毒设备','', '',703, 50, '', '', 0, '', 1, 0, '0'),
(703010001,'超声波清洗器','', '',70301, 50, '', '', 0, '', 1, 0, '0'),
(703010002,'手消毒器','', '',70301, 50, '', '', 0, '', 1, 0, '0'),
(703010003,'手套箱','', '',70301, 50, '', '', 0, '', 1, 0, '0'),
(703010004,'等离子清洗器','', '',70301, 50, '', '', 0, '', 1, 0, '0'),
(703010005,'洗瓶机、清洗机','', '',70301, 50, '', '', 0, '', 1, 0, '0'),
(703010006,'本生灯','', '',70301, 50, '', '', 0, '', 1, 0, '0'),
(703010007,'高压灭菌器/高压灭菌锅','', '',70301, 50, '', '', 0, '', 1, 0, '0'),
(70302,'制样、消解设备','', '',703, 50, '', '', 0, '', 1, 0, '0'),
(703020001,'切割机','', '',70302, 50, '', '', 0, '', 1, 0, '0'),
(703020002,'切片机','', '',70302, 50, '', '', 0, '', 1, 0, '0'),
(703020003,'压片机','', '',70302, 50, '', '', 0, '', 1, 0, '0'),
(703020004,'微波消解','', '',70302, 50, '', '', 0, '', 1, 0, '0'),
(703020005,'抛光机/磨抛机/磨样机','', '',70302, 50, '', '', 0, '', 1, 0, '0'),
(703020006,'熔样机','', '',70302, 50, '', '', 0, '', 1, 0, '0'),
(703020007,'电热消解仪/消化炉','', '',70302, 50, '', '', 0, '', 1, 0, '0'),
(703020008,'离子溅射仪','', '',70302, 50, '', '', 0, '', 1, 0, '0'),
(703020009,'缺口制样机','', '',70302, 50, '', '', 0, '', 1, 0, '0'),
(703020010,'电子束刻蚀系统','', '',70302, 50, '', '', 0, '', 1, 0, '0'),
(703020011,'电热板','', '',70302, 50, '', '', 0, '', 1, 0, '0'),
(703020012,'离子减薄仪','', '',70302, 50, '', '', 0, '', 1, 0, '0'),
(703020013,'组织处理仪','', '',70302, 50, '', '', 0, '', 1, 0, '0'),
(703020014,'镶嵌机/镶样机','', '',70302, 50, '', '', 0, '', 1, 0, '0'),
(703020015,'等离子体表面处理仪','', '',70302, 50, '', '', 0, '', 1, 0, '0'),
(70303,'分离、萃取设备','', '',703, 50, '', '', 0, '', 1, 0, '0'),
(703030001,'离心机','', '',70303, 50, '', '', 0, '', 1, 0, '0'),
(703030002,'固相萃取装置（SPE）','', '',70303, 50, '', '', 0, '', 1, 0, '0'),
(703030003,'快速溶剂萃取设备','', '',70303, 50, '', '', 0, '', 1, 0, '0'),
(703030004,'微波萃取设备','', '',70303, 50, '', '', 0, '', 1, 0, '0'),
(703030005,'超临界萃取设备','', '',70303, 50, '', '', 0, '', 1, 0, '0'),
(703030006,'抽提萃取仪/索氏提取仪/脂肪测定仪','', '',70303, 50, '', '', 0, '', 1, 0, '0'),
(703030007,'超声波萃取仪','', '',70303, 50, '', '', 0, '', 1, 0, '0'),
(70304,'纯化设备','', '',703, 50, '', '', 0, '', 1, 0, '0'),
(703040001,'旋转蒸发仪','', '',70304, 50, '', '', 0, '', 1, 0, '0'),
(703040002,'纯水器','', '',70304, 50, '', '', 0, '', 1, 0, '0'),
(703040003,'凝胶净化系统（GPC）','', '',70304, 50, '', '', 0, '', 1, 0, '0'),
(703040004,'氮气吹干仪/氮吹仪','', '',70304, 50, '', '', 0, '', 1, 0, '0'),
(703040005,'浓缩仪','', '',70304, 50, '', '', 0, '', 1, 0, '0'),
(703040006,'蒸馏器','', '',70304, 50, '', '', 0, '', 1, 0, '0'),
(703040007,'分子蒸馏仪','', '',70304, 50, '', '', 0, '', 1, 0, '0'),
(703040008,'废气废水处理设备','', '',70304, 50, '', '', 0, '', 1, 0, '0'),
(70305,'混合、分散设备','', '',703, 50, '', '', 0, '', 1, 0, '0'),
(703050001,'均质器/均质机/乳化机/匀浆机','', '',70305, 50, '', '', 0, '', 1, 0, '0'),
(703050002,'搅拌器','', '',70305, 50, '', '', 0, '', 1, 0, '0'),
(703050003,'分散机','', '',70305, 50, '', '', 0, '', 1, 0, '0'),
(703050004,'旋涡混合器','', '',70305, 50, '', '', 0, '', 1, 0, '0'),
(703050005,'粉碎机、研磨机、研磨仪、球磨机','', '',70305, 50, '', '', 0, '', 1, 0, '0'),
(70306,'恒温、加热、干燥设备','', '',703, 50, '', '', 0, '', 1, 0, '0'),
(703060001,'烘箱、干燥箱','', '',70306, 50, '', '', 0, '', 1, 0, '0'),
(703060002,'水浴、油浴、恒温槽','', '',70306, 50, '', '', 0, '', 1, 0, '0'),
(703060003,'马弗炉/电阻炉','', '',70306, 50, '', '', 0, '', 1, 0, '0'),
(703060004,'喷雾干燥机','', '',70306, 50, '', '', 0, '', 1, 0, '0'),
(703060005,'金属浴','', '',70306, 50, '', '', 0, '', 1, 0, '0'),
(703060006,'除湿机','', '',70306, 50, '', '', 0, '', 1, 0, '0'),
(703060007,'灰分测定仪','', '',70306, 50, '', '', 0, '', 1, 0, '0'),
(703060008,'电热套','', '',70306, 50, '', '', 0, '', 1, 0, '0'),
(70307,'合成、反应设备','', '',703, 50, '', '', 0, '', 1, 0, '0'),
(703070001,'反应釜','', '',70307, 50, '', '', 0, '', 1, 0, '0'),
(703070002,'微波合成仪','', '',70307, 50, '', '', 0, '', 1, 0, '0'),
(703070003,'化学合成仪','', '',70307, 50, '', '', 0, '', 1, 0, '0'),
(70308,'制冷设备','', '',703, 50, '', '', 0, '', 1, 0, '0'),
(703080001,'冷冻干燥机/冻干机','', '',70308, 50, '', '', 0, '', 1, 0, '0'),
(703080002,'超低温冰箱','', '',70308, 50, '', '', 0, '', 1, 0, '0'),
(703080003,'制冰机/雪花制冰机','', '',70308, 50, '', '', 0, '', 1, 0, '0'),
(703080004,'冷水机/冷却循环水机','', '',70308, 50, '', '', 0, '', 1, 0, '0'),
(703080005,'层析冷柜','', '',70308, 50, '', '', 0, '', 1, 0, '0'),
(703080006,'低温恒温器','', '',70308, 50, '', '', 0, '', 1, 0, '0'),
(70309,'气体发生器/气体处理','', '',703, 50, '', '', 0, '', 1, 0, '0'),
(703090001,'脱气机','', '',70309, 50, '', '', 0, '', 1, 0, '0'),
(703090002,'空气压缩机','', '',70309, 50, '', '', 0, '', 1, 0, '0'),
(703090003,'空气发生器','', '',70309, 50, '', '', 0, '', 1, 0, '0'),
(703090004,'氮氢空一体机','', '',70309, 50, '', '', 0, '', 1, 0, '0'),
(703090005,'氢空一体机','', '',70309, 50, '', '', 0, '', 1, 0, '0'),
(703090006,'氢气发生器','', '',70309, 50, '', '', 0, '', 1, 0, '0'),
(703090007,'二氧化氯发生器','', '',70309, 50, '', '', 0, '', 1, 0, '0'),
(703090008,'氮气发生器','', '',70309, 50, '', '', 0, '', 1, 0, '0'),
(703090009,'气体净化器','', '',70309, 50, '', '', 0, '', 1, 0, '0'),
(70310,'其它实验室常用设备','', '',703, 50, '', '', 0, '', 1, 0, '0'),
(703100001,'镀膜机','', '',70310, 50, '', '', 0, '', 1, 0, '0'),
(703100002,'仪器专用电源','', '',70310, 50, '', '', 0, '', 1, 0, '0'),
(703100003,'真空泵','', '',70310, 50, '', '', 0, '', 1, 0, '0'),
(703100004,'蠕动泵、注射泵','', '',70310, 50, '', '', 0, '', 1, 0, '0'),
(703100005,'恒流泵、柱塞泵','', '',70310, 50, '', '', 0, '', 1, 0, '0'),
(703100006,'液体处理工作站/移液工作站','', '',70310, 50, '', '', 0, '', 1, 0, '0'),
(703100007,'瓶口分配器/瓶口分液器','', '',70310, 50, '', '', 0, '', 1, 0, '0'),
(703100008,'移液器/移液枪','', '',70310, 50, '', '', 0, '', 1, 0, '0'),
(703100009,'滴定器/电子滴定器','', '',70310, 50, '', '', 0, '', 1, 0, '0'),
(704,'环境检测/监测仪器','', '',7, 50, '', '', 0, '', 1, 0, '0'),
(70401,'水质分析仪','', '',704, 50, '', '', 0, '', 1, 0, '0'),
(704010001,'水质采样器','', '',70401, 50, '', '', 0, '', 1, 0, '0'),
(704010002,'水质多参数测定仪器','', '',70401, 50, '', '', 0, '', 1, 0, '0'),
(704010003,'COD测定仪','', '',70401, 50, '', '', 0, '', 1, 0, '0'),
(704010004,'BOD测定仪','', '',70401, 50, '', '', 0, '', 1, 0, '0'),
(704010005,'测油仪','', '',70401, 50, '', '', 0, '', 1, 0, '0'),
(704010006,'溶解氧测定仪/溶氧仪','', '',70401, 50, '', '', 0, '', 1, 0, '0'),
(704010007,'TOC分析仪/总有机碳分析仪','', '',70401, 50, '', '', 0, '', 1, 0, '0'),
(704010008,'总磷测定仪','', '',70401, 50, '', '', 0, '', 1, 0, '0'),
(704010009,'总氮测定仪','', '',70401, 50, '', '', 0, '', 1, 0, '0'),
(704010010,'氨氮测定仪','', '',70401, 50, '', '', 0, '', 1, 0, '0'),
(704010011,'氰化物测定仪','', '',70401, 50, '', '', 0, '', 1, 0, '0'),
(704010012,'余氯测定仪、二氧化氯测定仪','', '',70401, 50, '', '', 0, '', 1, 0, '0'),
(704010013,'离子检测仪','', '',70401, 50, '', '', 0, '', 1, 0, '0'),
(704010014,'污泥检测仪/界面计','', '',70401, 50, '', '', 0, '', 1, 0, '0'),
(704010015,'磷酸根监测仪、硅酸根监测仪','', '',70401, 50, '', '', 0, '', 1, 0, '0'),
(704010016,'悬浮物测定仪','', '',70401, 50, '', '', 0, '', 1, 0, '0'),
(704010017,'水质毒性分析仪','', '',70401, 50, '', '', 0, '', 1, 0, '0'),
(704010018,'藻类计数仪、浮游动植物计数框','', '',70401, 50, '', '', 0, '', 1, 0, '0'),
(704010019,'水质重金属检测仪','', '',70401, 50, '', '', 0, '', 1, 0, '0'),
(704010020,'水质卤素分析仪','', '',70401, 50, '', '', 0, '', 1, 0, '0'),
(704010021,'高锰酸盐指数测定仪（CODMn）','', '',70401, 50, '', '', 0, '', 1, 0, '0'),
(704010022,'挥发酚测定仪','', '',70401, 50, '', '', 0, '', 1, 0, '0'),
(704010023,'叶绿素a、藻类分析仪','', '',70401, 50, '', '', 0, '', 1, 0, '0'),
(704010024,'水质五常规参数监测仪','', '',70401, 50, '', '', 0, '', 1, 0, '0'),
(704010025,'水中挥发性有机物（VOC）监测仪','', '',70401, 50, '', '', 0, '', 1, 0, '0'),
(704010026,'COD消解仪','', '',70401, 50, '', '', 0, '', 1, 0, '0'),
(704010027,'硫化物测定仪','', '',70401, 50, '', '', 0, '', 1, 0, '0'),
(70402,'气体检测仪器','', '',704, 50, '', '', 0, '', 1, 0, '0'),
(704020001,'气体采样器/大气采样器','', '',70402, 50, '', '', 0, '', 1, 0, '0'),
(704020002,'空气微生物采样器','', '',70402, 50, '', '', 0, '', 1, 0, '0'),
(704020003,'大气颗粒物采样器','', '',70402, 50, '', '', 0, '', 1, 0, '0'),
(704020004,'PM10、PM2.5、PM1.0、TSP大气颗粒物监测仪','', '',70402, 50, '', '', 0, '', 1, 0, '0'),
(704020005,'粒子计数器','', '',70402, 50, '', '', 0, '', 1, 0, '0'),
(704020006,'粉尘采样器','', '',70402, 50, '', '', 0, '', 1, 0, '0'),
(704020007,'粉尘测定仪/粉尘仪','', '',70402, 50, '', '', 0, '', 1, 0, '0'),
(704020008,'烟尘采样器/烟气采样器','', '',70402, 50, '', '', 0, '', 1, 0, '0'),
(704020009,'烟气分析仪/烟气监测(CEMS)','', '',70402, 50, '', '', 0, '', 1, 0, '0'),
(704020010,'烟气汞连续监测系统（Hg-CEMS系统）','', '',70402, 50, '', '', 0, '', 1, 0, '0'),
(704020011,'汽车尾气分析仪','', '',70402, 50, '', '', 0, '', 1, 0, '0'),
(704020012,'CO2检测仪、CO检测仪、SO2检测仪、HCL检测仪、NOX检测仪、空气检测仪','', '',70402, 50, '', '', 0, '', 1, 0, '0'),
(704020013,'恶臭测定仪','', '',70402, 50, '', '', 0, '', 1, 0, '0'),
(704020014,'VOC检测仪、TVOC检测仪','', '',70402, 50, '', '', 0, '', 1, 0, '0'),
(704020015,'甲醛检测仪/甲醛分析仪','', '',70402, 50, '', '', 0, '', 1, 0, '0'),
(704020016,'气溶胶检测仪器','', '',70402, 50, '', '', 0, '', 1, 0, '0'),
(704020017,'氨气分析仪/氨分析仪','', '',70402, 50, '', '', 0, '', 1, 0, '0'),
(704020018,'臭氧分析仪（O3）','', '',70402, 50, '', '', 0, '', 1, 0, '0'),
(704020019,'二噁英采样器','', '',70402, 50, '', '', 0, '', 1, 0, '0'),
(704020020,'气体稀释仪','', '',70402, 50, '', '', 0, '', 1, 0, '0'),
(704020021,'酸雨采样器','', '',70402, 50, '', '', 0, '', 1, 0, '0'),
(704020022,'灰霾监测系统','', '',70402, 50, '', '', 0, '', 1, 0, '0'),
(704020023,'激光雷达气体监测系统','', '',70402, 50, '', '', 0, '', 1, 0, '0'),
(704020024,'空气质量自动监测系统','', '',70402, 50, '', '', 0, '', 1, 0, '0'),
(704020025,'太阳光度计','', '',70402, 50, '', '', 0, '', 1, 0, '0'),
(704020026,'零气发生器','', '',70402, 50, '', '', 0, '', 1, 0, '0'),
(704020027,'高纯气/特气分析系统','', '',70402, 50, '', '', 0, '', 1, 0, '0'),
(704020028,'气体报警器/气体探测器/气体传感器','', '',70402, 50, '', '', 0, '', 1, 0, '0'),
(70403,'在线分析及过程控制仪器','', '',704, 50, '', '', 0, '', 1, 0, '0'),
(704030001,'在线电导率仪','', '',70403, 50, '', '', 0, '', 1, 0, '0'),
(704030002,'在线pH计','', '',70403, 50, '', '', 0, '', 1, 0, '0'),
(704030003,'在线质谱/过程质谱/工业质谱 ','', '',70403, 50, '', '', 0, '', 1, 0, '0'),
(704030004,'在线氧分析仪','', '',70403, 50, '', '', 0, '', 1, 0, '0'),
(704030005,'在线核磁','', '',70403, 50, '', '', 0, '', 1, 0, '0'),
(704030006,'在线流量计/在线流速仪/在线测漏仪','', '',70403, 50, '', '', 0, '', 1, 0, '0'),
(704030007,'在线气相色谱/工业气相色谱','', '',70403, 50, '', '', 0, '', 1, 0, '0'),
(704030008,'在线粘度计','', '',70403, 50, '', '', 0, '', 1, 0, '0'),
(704030009,'在线粒度仪','', '',70403, 50, '', '', 0, '', 1, 0, '0'),
(704030010,'液位计/料位计/物位计','', '',70403, 50, '', '', 0, '', 1, 0, '0'),
(704030011,'压力计/压力表/压力变送器','', '',70403, 50, '', '', 0, '', 1, 0, '0'),
(704030012,'氧分析仪/氧气分析仪','', '',70403, 50, '', '', 0, '', 1, 0, '0'),
(704030013,'氢分析仪','', '',70403, 50, '', '', 0, '', 1, 0, '0'),
(704030014,'在线折射仪','', '',70403, 50, '', '', 0, '', 1, 0, '0'),
(704030015,'水质在线自动监测系统','', '',70403, 50, '', '', 0, '', 1, 0, '0'),
(70404,'其它环境分析仪器','', '',704, 50, '', '', 0, '', 1, 0, '0'),
(704040001,'场强仪/电磁场强分析仪','', '',70404, 50, '', '', 0, '', 1, 0, '0'),
(704040002,'辐射仪/射线检测仪','', '',70404, 50, '', '', 0, '', 1, 0, '0'),
(704040003,'测氡仪','', '',70404, 50, '', '', 0, '', 1, 0, '0'),
(704040004,'声级计/噪声监测仪','', '',70404, 50, '', '', 0, '', 1, 0, '0'),
(704040005,'环境振动仪','', '',70404, 50, '', '', 0, '', 1, 0, '0'),
(704040006,'风速仪/风量计','', '',70404, 50, '', '', 0, '', 1, 0, '0'),
(704040007,'大气多功能测量仪','', '',70404, 50, '', '', 0, '', 1, 0, '0'),
(704040008,'空气负离子检测仪','', '',70404, 50, '', '', 0, '', 1, 0, '0'),
(704040009,'照度计','', '',70404, 50, '', '', 0, '', 1, 0, '0'),
(704040010,'固体废弃物毒性浸出设备','', '',70404, 50, '', '', 0, '', 1, 0, '0'),
(704040011,'气象站','', '',70404, 50, '', '', 0, '', 1, 0, '0'),
(705,'物性分析仪器及设备','', '',7, 50, '', '', 0, '', 1, 0, '0'),
(70501,'粒度、颗粒、粉末分析仪器','', '',705, 50, '', '', 0, '', 1, 0, '0'),
(705010001,'激光光散射仪','', '',70501, 50, '', '', 0, '', 1, 0, '0'),
(705010002,'Zeta电位仪/微电泳仪','', '',70501, 50, '', '', 0, '', 1, 0, '0'),
(705010003,'激光粒度仪/纳米粒度仪','', '',70501, 50, '', '', 0, '', 1, 0, '0'),
(705010004,'筛分仪','', '',70501, 50, '', '', 0, '', 1, 0, '0'),
(705010005,'分样器/分样仪','', '',70501, 50, '', '', 0, '', 1, 0, '0'),
(705010006,'沉降粒度仪/沉降天平','', '',70501, 50, '', '', 0, '', 1, 0, '0'),
(705010007,'颗粒计数器','', '',70501, 50, '', '', 0, '', 1, 0, '0'),
(705010008,'粉末流动性测试仪','', '',70501, 50, '', '', 0, '', 1, 0, '0'),
(70502,'显微镜','', '',705, 50, '', '', 0, '', 1, 0, '0'),
(705020001,'扫描电镜（SEM）','', '',70502, 50, '', '', 0, '', 1, 0, '0'),
(705020002,'扫描探针显微镜/原子力显微镜（SPM）','', '',70502, 50, '', '', 0, '', 1, 0, '0'),
(705020003,'X射线能谱仪(EDS)','', '',70502, 50, '', '', 0, '', 1, 0, '0'),
(705020004,'透射电子显微镜/透射电镜(TEM）','', '',70502, 50, '', '', 0, '', 1, 0, '0'),
(705020005,'电子背散射衍射系统（EBSD）','', '',70502, 50, '', '', 0, '', 1, 0, '0'),
(705020006,'金相显微镜','', '',70502, 50, '', '', 0, '', 1, 0, '0'),
(705020007,'立体显微镜/体视显微镜','', '',70502, 50, '', '', 0, '', 1, 0, '0'),
(705020008,'偏光显微镜','', '',70502, 50, '', '', 0, '', 1, 0, '0'),
(705020009,'生物显微镜','', '',70502, 50, '', '', 0, '', 1, 0, '0'),
(705020010,'视频显微镜/电视显微镜','', '',70502, 50, '', '', 0, '', 1, 0, '0'),
(705020011,'荧光显微镜','', '',70502, 50, '', '', 0, '', 1, 0, '0'),
(705020012,'红外显微镜','', '',70502, 50, '', '', 0, '', 1, 0, '0'),
(705020013,'激光共聚焦显微镜','', '',70502, 50, '', '', 0, '', 1, 0, '0'),
(705020014,'工具显微镜/测量显微镜','', '',70502, 50, '', '', 0, '', 1, 0, '0'),
(705020015,'数码显微镜/数字显微镜/照相显微镜/摄像显微镜(CCD)','', '',70502, 50, '', '', 0, '', 1, 0, '0'),
(705020016,'比较显微镜/比对显微镜','', '',70502, 50, '', '', 0, '', 1, 0, '0'),
(705020017,'立体放大镜','', '',70502, 50, '', '', 0, '', 1, 0, '0'),
(70503,'热分析仪器','', '',705, 50, '', '', 0, '', 1, 0, '0'),
(705030001,'热重分析仪/热天平（TGA）','', '',70503, 50, '', '', 0, '', 1, 0, '0'),
(705030002,'差示扫描量热仪(DSC/DTA)','', '',70503, 50, '', '', 0, '', 1, 0, '0'),
(705030003,'动态热机械分析仪（DMA/TMA/DMTA）','', '',70503, 50, '', '', 0, '', 1, 0, '0'),
(705030004,'热膨胀仪','', '',70503, 50, '', '', 0, '', 1, 0, '0'),
(705030005,'同步热分析仪（STA）','', '',70503, 50, '', '', 0, '', 1, 0, '0'),
(705030006,'导热仪/热导仪','', '',70503, 50, '', '', 0, '', 1, 0, '0'),
(705030007,'熔点仪','', '',70503, 50, '', '', 0, '', 1, 0, '0'),
(70504,'光学仪器','', '',705, 50, '', '', 0, '', 1, 0, '0'),
(705040001,'高光谱成像仪','', '',70504, 50, '', '', 0, '', 1, 0, '0'),
(705040002,'折光仪/折射仪','', '',70504, 50, '', '', 0, '', 1, 0, '0'),
(705040003,'光度仪/雾度仪/光泽度仪','', '',70504, 50, '', '', 0, '', 1, 0, '0'),
(705040004,'盐度计','', '',70504, 50, '', '', 0, '', 1, 0, '0'),
(705040005,'旋光仪','', '',70504, 50, '', '', 0, '', 1, 0, '0'),
(705040006,'浊度计/浊度仪','', '',70504, 50, '', '', 0, '', 1, 0, '0'),
(705040007,'色差仪/测色仪','', '',70504, 50, '', '', 0, '', 1, 0, '0'),
(705040008,'比色计','', '',70504, 50, '', '', 0, '', 1, 0, '0'),
(705040009,'偏振仪','', '',70504, 50, '', '', 0, '', 1, 0, '0'),
(705040010,'糖度仪','', '',70504, 50, '', '', 0, '', 1, 0, '0'),
(705040011,'椭偏仪','', '',70504, 50, '', '', 0, '', 1, 0, '0'),
(705040012,'色度仪','', '',70504, 50, '', '', 0, '', 1, 0, '0'),
(705040013,'条码检测仪','', '',70504, 50, '', '', 0, '', 1, 0, '0'),
(705040014,'白度仪/白度计','', '',70504, 50, '', '', 0, '', 1, 0, '0'),
(705040015,'激光器','', '',70504, 50, '', '', 0, '', 1, 0, '0'),
(705040016,'对色灯箱/标准光源箱','', '',70504, 50, '', '', 0, '', 1, 0, '0'),
(705040017,'光学镊子','', '',70504, 50, '', '', 0, '', 1, 0, '0'),
(705040018,'光学仪器组件','', '',70504, 50, '', '', 0, '', 1, 0, '0'),
(705040019,'位移台','', '',70504, 50, '', '', 0, '', 1, 0, '0'),
(705040020,'光学平台百','', '',70504, 50, '', '', 0, '', 1, 0, '0'),
(705040021,'光源','', '',70504, 50, '', '', 0, '', 1, 0, '0'),
(70505,'计量仪器','', '',705, 50, '', '', 0, '', 1, 0, '0'),
(705050001,'天平、衡器、秤','', '',70505, 50, '', '', 0, '', 1, 0, '0'),
(705050002,'红外测温仪','', '',70505, 50, '', '', 0, '', 1, 0, '0'),
(705050003,'温度计/测温计','', '',70505, 50, '', '', 0, '', 1, 0, '0'),
(705050004,'温度记录仪/温度验证系统','', '',70505, 50, '', '', 0, '', 1, 0, '0'),
(705050005,'红外热像仪','', '',70505, 50, '', '', 0, '', 1, 0, '0'),
(705050006,'三坐标测量机','', '',70505, 50, '', '', 0, '', 1, 0, '0'),
(705050007,'测距仪','', '',70505, 50, '', '', 0, '', 1, 0, '0'),
(705050008,'激光干涉仪','', '',70505, 50, '', '', 0, '', 1, 0, '0'),
(705050009,'投影仪','', '',70505, 50, '', '', 0, '', 1, 0, '0'),
(705050010,'CNC影像测量仪','', '',70505, 50, '', '', 0, '', 1, 0, '0'),
(705050011,'圆度仪/圆柱度仪','', '',70505, 50, '', '', 0, '', 1, 0, '0'),
(705050012,'台阶仪','', '',70505, 50, '', '', 0, '', 1, 0, '0'),
(705050013,'轮廓仪/粗糙度仪','', '',70505, 50, '', '', 0, '', 1, 0, '0'),
(705050014,'测振仪','', '',70505, 50, '', '', 0, '', 1, 0, '0'),
(705050015,'无线电计量仪器','', '',70505, 50, '', '', 0, '', 1, 0, '0'),
(705050016,'数据采集器','', '',70505, 50, '', '', 0, '', 1, 0, '0'),
(705050017,'在机测量','', '',70505, 50, '', '', 0, '', 1, 0, '0'),
(705050018,'激光跟踪仪','', '',70505, 50, '', '', 0, '', 1, 0, '0'),
(705050019,'水位计/水位传感器','', '',70505, 50, '', '', 0, '', 1, 0, '0'),
(705050020,'雨量计','', '',70505, 50, '', '', 0, '', 1, 0, '0'),
(705050021,'粒子图像测速仪(PIV)','', '',70505, 50, '', '', 0, '', 1, 0, '0'),
(70506,'试验机','', '',705, 50, '', '', 0, '', 1, 0, '0'),
(705060001,'万能试验机','', '',70506, 50, '', '', 0, '', 1, 0, '0'),
(705060002,'拉力试验机','', '',70506, 50, '', '', 0, '', 1, 0, '0'),
(705060003,'压力试验机','', '',70506, 50, '', '', 0, '', 1, 0, '0'),
(705060004,'冲击试验机','', '',70506, 50, '', '', 0, '', 1, 0, '0'),
(705060005,'扭转试验机/弯曲试验机','', '',70506, 50, '', '', 0, '', 1, 0, '0'),
(705060006,'疲劳试验机','', '',70506, 50, '', '', 0, '', 1, 0, '0'),
(705060007,'摩擦磨损试验机/摩擦试验机/磨损试验机','', '',70506, 50, '', '', 0, '', 1, 0, '0'),
(705060008,'弹簧试验机','', '',70506, 50, '', '', 0, '', 1, 0, '0'),
(705060009,'平衡机','', '',70506, 50, '', '', 0, '', 1, 0, '0'),
(705060010,'振动台','', '',70506, 50, '', '', 0, '', 1, 0, '0'),
(705060011,'弹性模量/、阻尼分析仪','', '',70506, 50, '', '', 0, '', 1, 0, '0'),
(705060012,'跌落试验机','', '',70506, 50, '', '', 0, '', 1, 0, '0'),
(705060013,'引伸计','', '',70506, 50, '', '', 0, '', 1, 0, '0'),
(705060014,'杯突试验机','', '',70506, 50, '', '', 0, '', 1, 0, '0'),
(705060015,'电压击穿试验','', '',70506, 50, '', '', 0, '', 1, 0, '0'),
(705060016,'持久蠕变试验','', '',70506, 50, '', '', 0, '', 1, 0, '0'),
(705060017,'抗折试验机','', '',70506, 50, '', '', 0, '', 1, 0, '0'),
(705060018,'柔软度试验机','', '',70506, 50, '', '', 0, '', 1, 0, '0'),
(705060019,'加速度计','', '',70506, 50, '', '', 0, '', 1, 0, '0'),
(705060020,'冲击试验缺口拉床','', '',70506, 50, '', '', 0, '', 1, 0, '0'),
(705060021,'冲击试验缺口投影','', '',70506, 50, '', '', 0, '', 1, 0, '0'),
(705060022,'冲击台','', '',70506, 50, '', '', 0, '', 1, 0, '0'),
(705060023,'碰撞台','', '',70506, 50, '', '', 0, '', 1, 0, '0'),
(70507,'表面界面测试仪器','', '',705, 50, '', '', 0, '', 1, 0, '0'),
(705070001,'LB膜分析仪','', '',70507, 50, '', '', 0, '', 1, 0, '0'),
(705070002,'物理吸附仪/比表面积孔径分析仪','', '',70507, 50, '', '', 0, '', 1, 0, '0'),
(705070003,'蒸汽吸附仪/蒸气吸附仪','', '',70507, 50, '', '', 0, '', 1, 0, '0'),
(705070004,'表面张力仪/界面张力仪','', '',70507, 50, '', '', 0, '', 1, 0, '0'),
(705070005,'(高压)化学吸附仪','', '',70507, 50, '', '', 0, '', 1, 0, '0'),
(705070006,'压汞仪','', '',70507, 50, '', '', 0, '', 1, 0, '0'),
(705070007,'接触角测定仪','', '',70507, 50, '', '', 0, '', 1, 0, '0'),
(705070008,'纳米压痕仪','', '',70507, 50, '', '', 0, '', 1, 0, '0'),
(705070009,'泡沫分析仪','', '',70507, 50, '', '', 0, '', 1, 0, '0'),
(70508,'环境试验箱','', '',705, 50, '', '', 0, '', 1, 0, '0'),
(705080001,'盐雾试验箱/盐雾试验机/盐雾腐蚀试验箱','', '',70508, 50, '', '', 0, '', 1, 0, '0'),
(705080002,'高低温交变湿热试验箱','', '',70508, 50, '', '', 0, '', 1, 0, '0'),
(705080003,'恒温恒湿试验箱','', '',70508, 50, '', '', 0, '', 1, 0, '0'),
(705080004,'紫外老化试验箱/紫外耐候试验箱','', '',70508, 50, '', '', 0, '', 1, 0, '0'),
(705080005,'高低温冲击试验箱/冷热冲击试验箱','', '',70508, 50, '', '', 0, '', 1, 0, '0'),
(705080006,'砂尘试验箱','', '',70508, 50, '', '', 0, '', 1, 0, '0'),
(705080007,'氙灯耐气候试验箱/氙灯老化试验箱','', '',70508, 50, '', '', 0, '', 1, 0, '0'),
(705080008,'淋雨试验箱/淋雨试验装置','', '',70508, 50, '', '', 0, '', 1, 0, '0'),
(705080009,'步入式试验箱/步入式实验室','', '',70508, 50, '', '', 0, '', 1, 0, '0'),
(705080010,'臭氧老化试验箱','', '',70508, 50, '', '', 0, '', 1, 0, '0'),
(705080011,'高温老化试验箱/热老化试验箱','', '',70508, 50, '', '', 0, '', 1, 0, '0'),
(705080012,'低温试验箱','', '',70508, 50, '', '', 0, '', 1, 0, '0'),
(70509,'无损检测/无损探伤仪器','', '',705, 50, '', '', 0, '', 1, 0, '0'),
(705090001,'金属检测机','', '',70509, 50, '', '', 0, '', 1, 0, '0'),
(705090002,'X射线探伤仪','', '',70509, 50, '', '', 0, '', 1, 0, '0'),
(705090003,'X射线实时成像检测系统','', '',70509, 50, '', '', 0, '', 1, 0, '0'),
(705090004,'计算机断层成像技术(工业CT/ICT)','', '',70509, 50, '', '', 0, '', 1, 0, '0'),
(705090005,'超声波探伤仪','', '',70509, 50, '', '', 0, '', 1, 0, '0'),
(705090006,'涡流探伤仪','', '',70509, 50, '', '', 0, '', 1, 0, '0'),
(705090007,'磁粉探伤仪','', '',70509, 50, '', '', 0, '', 1, 0, '0'),
(705090008,'内窥镜','', '',70509, 50, '', '', 0, '', 1, 0, '0'),
(70510,'测厚仪','', '',705, 50, '', '', 0, '', 1, 0, '0'),
(705100001,'X射线荧光测厚仪','', '',70510, 50, '', '', 0, '', 1, 0, '0'),
(705100002,'电涡流式测厚仪','', '',70510, 50, '', '', 0, '', 1, 0, '0'),
(705100003,'白光干涉测厚仪','', '',70510, 50, '', '', 0, '', 1, 0, '0'),
(705100004,'超声波测厚仪','', '',70510, 50, '', '', 0, '', 1, 0, '0'),
(705100005,'电解式测厚仪','', '',70510, 50, '', '', 0, '', 1, 0, '0'),
(705100006,'压力测厚仪','', '',70510, 50, '', '', 0, '', 1, 0, '0'),
(705100007,'在线测厚仪','', '',70510, 50, '', '', 0, '', 1, 0, '0'),
(70511,'燃烧测定仪器','', '',705, 50, '', '', 0, '', 1, 0, '0'),
(705110001,'燃烧试验箱','', '',70511, 50, '', '', 0, '', 1, 0, '0'),
(705110002,'氧指数测定仪','', '',70511, 50, '', '', 0, '', 1, 0, '0'),
(705110003,'烟密度箱/烟密度测试箱','', '',70511, 50, '', '', 0, '', 1, 0, '0'),
(705110004,'锥形量热仪','', '',70511, 50, '', '', 0, '', 1, 0, '0'),
(70512,'其它物性仪器','', '',705, 50, '', '', 0, '', 1, 0, '0'),
(705120001,'温湿度计','', '',70512, 50, '', '', 0, '', 1, 0, '0'),
(705120002,'密度计/密度仪','', '',70512, 50, '', '', 0, '', 1, 0, '0'),
(705120003,'硬度计','', '',70512, 50, '', '', 0, '', 1, 0, '0'),
(705120004,'介电常数测定仪','', '',70512, 50, '', '', 0, '', 1, 0, '0'),
(705120005,'流变仪','', '',70512, 50, '', '', 0, '', 1, 0, '0'),
(705120006,'粘度计','', '',70512, 50, '', '', 0, '', 1, 0, '0'),
(705120007,'信号采集与处理','', '',70512, 50, '', '', 0, '', 1, 0, '0'),
(705120008,'锁相放大器','', '',70512, 50, '', '', 0, '', 1, 0, '0'),
(705120009,'继电保护测试仪','', '',70512, 50, '', '', 0, '', 1, 0, '0'),
(705120010,'光学类仪表','', '',70512, 50, '', '', 0, '', 1, 0, '0'),
(705120011,'智能仪器','', '',70512, 50, '', '', 0, '', 1, 0, '0'),
(705120012,'微波、电、磁学量的测量仪表','', '',70512, 50, '', '', 0, '', 1, 0, '0'),
(705120013,'精密仪表','', '',70512, 50, '', '', 0, '', 1, 0, '0'),
(705120014,'工业现场总线','', '',70512, 50, '', '', 0, '', 1, 0, '0'),
(705120015,'工业自动化仪表','', '',70512, 50, '', '', 0, '', 1, 0, '0'),
(705120016,'建筑智能化','', '',70512, 50, '', '', 0, '', 1, 0, '0'),
(705120017,'过程控制方法/系统与部件','', '',70512, 50, '', '', 0, '', 1, 0, '0'),
(705120018,'工控机/PLC/变频器','', '',70512, 50, '', '', 0, '', 1, 0, '0'),
(705120019,'显示仪表(各种指示仪、记录仪等)','', '',70512, 50, '', '', 0, '', 1, 0, '0'),
(705120020,'仪表元件/仪表材料/仪表工艺','', '',70512, 50, '', '', 0, '', 1, 0, '0'),
(706,'行业专用仪器','', '',7, 50, '', '', 0, '', 1, 0, '0'),
(70601,'药物检测专用仪器','', '',706, 50, '', '', 0, '', 1, 0, '0'),
(706010001,'抑菌圈测量仪','', '',70601, 50, '', '', 0, '', 1, 0, '0'),
(706010002,'渗透压仪','', '',70601, 50, '', '', 0, '', 1, 0, '0'),
(706010003,'溶出度仪/溶出仪/溶出试验仪','', '',70601, 50, '', '', 0, '', 1, 0, '0'),
(706010004,'崩解仪','', '',70601, 50, '', '', 0, '', 1, 0, '0'),
(706010005,'片剂硬度仪','', '',70601, 50, '', '', 0, '', 1, 0, '0'),
(706010006,'药物稳定性试验箱','', '',70601, 50, '', '', 0, '', 1, 0, '0'),
(706010007,'澄明度检测仪','', '',70601, 50, '', '', 0, '', 1, 0, '0'),
(706010008,'集菌仪/无菌过滤器','', '',70601, 50, '', '', 0, '', 1, 0, '0'),
(706010009,'细菌内毒素测定仪','', '',70601, 50, '', '', 0, '', 1, 0, '0'),
(706010010,'脆碎度测定仪','', '',70601, 50, '', '', 0, '', 1, 0, '0'),
(706010011,'药物透皮扩散试验仪','', '',70601, 50, '', '', 0, '', 1, 0, '0'),
(706010012,'热原测温仪','', '',70601, 50, '', '', 0, '', 1, 0, '0'),
(706010013,'热原测温仪','', '',70601, 50, '', '', 0, '', 1, 0, '0'),
(706010014,'包衣机','', '',70601, 50, '', '', 0, '', 1, 0, '0'),
(706010015,'不溶性微粒检测仪','', '',70601, 50, '', '', 0, '', 1, 0, '0'),
(706010016,'制剂压片机','', '',70601, 50, '', '', 0, '', 1, 0, '0'),
(70602,'石油专用分析仪器','', '',706, 50, '', '', 0, '', 1, 0, '0'),
(706020001,'闪点仪/燃点仪','', '',70602, 50, '', '', 0, '', 1, 0, '0'),
(706020002,'运动粘度试验器','', '',70602, 50, '', '', 0, '', 1, 0, '0'),
(706020003,'石油产品蒸馏仪/馏程仪','', '',70602, 50, '', '', 0, '', 1, 0, '0'),
(706020004,'石油产品残炭试验器','', '',70602, 50, '', '', 0, '', 1, 0, '0'),
(706020005,'石油产品低温性能测试仪(倾点、浊点、冰点、冷滤点、凝固点)','', '',70602, 50, '', '', 0, '', 1, 0, '0'),
(706020006,'石油产品氧化安定性试验仪','', '',70602, 50, '', '', 0, '', 1, 0, '0'),
(706020007,'石油产品色度试验器','', '',70602, 50, '', '', 0, '', 1, 0, '0'),
(706020008,'汽油辛烷值/柴油十六烷值测定仪','', '',70602, 50, '', '', 0, '', 1, 0, '0'),
(706020009,'石油产品测硫仪','', '',70602, 50, '', '', 0, '', 1, 0, '0'),
(706020010,'石油产品盐含量测定仪','', '',70602, 50, '', '', 0, '', 1, 0, '0'),
(706020011,'石油产品蒸汽压测定仪','', '',70602, 50, '', '', 0, '', 1, 0, '0'),
(706020012,'润滑油性能测试仪器','', '',70602, 50, '', '', 0, '', 1, 0, '0'),
(706020013,'铁谱仪','', '',70602, 50, '', '', 0, '', 1, 0, '0'),
(70603,'农业和食品专用仪器','', '',706, 50, '', '', 0, '', 1, 0, '0'),
(706030001,'食用油品分析仪','', '',70603, 50, '', '', 0, '', 1, 0, '0'),
(706030002,'食品品质检测仪','', '',70603, 50, '', '', 0, '', 1, 0, '0'),
(706030003,'农药残留速测仪','', '',70603, 50, '', '', 0, '', 1, 0, '0'),
(706030004,'土壤采样器','', '',70603, 50, '', '', 0, '', 1, 0, '0'),
(706030005,'土壤测定仪','', '',70603, 50, '', '', 0, '', 1, 0, '0'),
(706030006,'土壤硬度计/土壤紧实度仪','', '',70603, 50, '', '', 0, '', 1, 0, '0'),
(706030007,'土壤酸度计/土壤pH计','', '',70603, 50, '', '', 0, '', 1, 0, '0'),
(706030008,'牛奶分析仪/乳品分析仪','', '',70603, 50, '', '', 0, '', 1, 0, '0'),
(706030009,'啤酒分析仪、饮料分析仪','', '',70603, 50, '', '', 0, '', 1, 0, '0'),
(706030010,'ATP荧光检测仪','', '',70603, 50, '', '', 0, '', 1, 0, '0'),
(706030011,'蛋白质快速测定仪/蛋白测定仪','', '',70603, 50, '', '', 0, '', 1, 0, '0'),
(706030012,'水活度分析仪/水活度仪','', '',70603, 50, '', '', 0, '', 1, 0, '0'),
(706030013,'质构仪/物性分析仪/组织分析仪','', '',70603, 50, '', '', 0, '', 1, 0, '0'),
(706030014,'冰点仪','', '',70603, 50, '', '', 0, '', 1, 0, '0'),
(706030015,'食品安全快速检测仪','', '',70603, 50, '', '', 0, '', 1, 0, '0'),
(706030016,'油脂氧化稳定性分析仪','', '',70603, 50, '', '', 0, '', 1, 0, '0'),
(706030017,'纤维测定仪','', '',70603, 50, '', '', 0, '', 1, 0, '0'),
(706030018,'盖勃离心机/乳脂离心机','', '',70603, 50, '', '', 0, '', 1, 0, '0'),
(706030019,'氮磷钙测定仪','', '',70603, 50, '', '', 0, '', 1, 0, '0'),
(706030020,'面包体积测定仪/食品体积测定仪','', '',70603, 50, '', '', 0, '', 1, 0, '0'),
(706030021,'数粒仪','', '',70603, 50, '', '', 0, '', 1, 0, '0'),
(70604,'纺织行业专用仪器','', '',706, 50, '', '', 0, '', 1, 0, '0'),
(706040001,'织物类测试仪器','', '',70604, 50, '', '', 0, '', 1, 0, '0'),
(706040002,'纤维类测试仪器','', '',70604, 50, '', '', 0, '', 1, 0, '0'),
(706040003,'色牢度仪/色牢度试验机','', '',70604, 50, '', '', 0, '', 1, 0, '0'),
(70605,'煤炭行业专用仪器','', '',706, 50, '', '', 0, '', 1, 0, '0'),
(706050001,'煤炭工业分析仪','', '',70605, 50, '', '', 0, '', 1, 0, '0'),
(706050002,'盘煤仪','', '',70605, 50, '', '', 0, '', 1, 0, '0'),
(706050003,'灰熔点测定仪/灰熔融性测定仪','', '',70605, 50, '', '', 0, '', 1, 0, '0'),
(706050004,'碳氢分析仪（CH）','', '',70605, 50, '', '', 0, '', 1, 0, '0'),
(706050005,'定硫仪/测硫仪','', '',70605, 50, '', '', 0, '', 1, 0, '0'),
(706050006,'量热仪/热量计','', '',70605, 50, '', '', 0, '', 1, 0, '0'),
(70606,'橡塑行业专用仪器','', '',706, 50, '', '', 0, '', 1, 0, '0'),
(706060001,'硫化分析仪/硫化仪','', '',70606, 50, '', '', 0, '', 1, 0, '0'),
(706060002,'熔融指数仪/熔体流动速率测定仪','', '',70606, 50, '', '', 0, '', 1, 0, '0'),
(706060003,'维卡软化点测定仪/热变形试验机','', '',70606, 50, '', '', 0, '', 1, 0, '0'),
(706060004,'开炼机','', '',70606, 50, '', '', 0, '', 1, 0, '0'),
(706060005,'吹膜机','', '',70606, 50, '', '', 0, '', 1, 0, '0'),
(706060006,'门尼粘度计/门尼机','', '',70606, 50, '', '', 0, '', 1, 0, '0'),
(706060007,'塑度计','', '',70606, 50, '', '', 0, '', 1, 0, '0'),
(706060008,'挤出机/注塑机','', '',70606, 50, '', '', 0, '', 1, 0, '0'),
(706060009,'聚烯烃表征分析','', '',70606, 50, '', '', 0, '', 1, 0, '0'),
(706060010,'塑胶颗粒水份测定仪','', '',70606, 50, '', '', 0, '', 1, 0, '0'),
(706060011,'橡胶加工分析仪','', '',70606, 50, '', '', 0, '', 1, 0, '0'),
(706060012,'炭黑分散度仪/炭黑分散仪','', '',70606, 50, '', '', 0, '', 1, 0, '0'),
(70607,'包装行业专用仪器','', '',706, 50, '', '', 0, '', 1, 0, '0'),
(706070001,'撕裂度试验机/撕裂测试仪','', '',70607, 50, '', '', 0, '', 1, 0, '0'),
(706070002,'透气性测试仪/透气度测试仪','', '',70607, 50, '', '', 0, '', 1, 0, '0'),
(706070003,'水蒸气透过率测试仪/透湿仪','', '',70607, 50, '', '', 0, '', 1, 0, '0'),
(706070004,'压缩试验机','', '',70607, 50, '', '', 0, '', 1, 0, '0'),
(706070005,'摩擦系数测试仪/剥离系数试验仪','', '',70607, 50, '', '', 0, '', 1, 0, '0'),
(706070006,'热封仪','', '',70607, 50, '', '', 0, '', 1, 0, '0'),
(706070007,'密封试验仪/泄露试验机','', '',70607, 50, '', '', 0, '', 1, 0, '0'),
(706070008,'透氧仪','', '',70607, 50, '', '', 0, '', 1, 0, '0'),
(706070009,'气调保鲜专用仪器','', '',70607, 50, '', '', 0, '', 1, 0, '0'),
(70608,'其它行业专用仪器','', '',706, 50, '', '', 0, '', 1, 0, '0'),
(706080001,'原子层沉积系统（ALD）','', '',70608, 50, '', '', 0, '', 1, 0, '0'),
(706080002,'激光脉冲沉积(PLD)','', '',70608, 50, '', '', 0, '', 1, 0, '0'),
(706080003,'皮肤测试仪器','', '',70608, 50, '', '', 0, '', 1, 0, '0'),
(706080004,'四探针测试仪','', '',70608, 50, '', '', 0, '', 1, 0, '0'),
(706080005,'量子效率测试系统','', '',70608, 50, '', '', 0, '', 1, 0, '0'),
(706080006,'（太阳能电池等）IV测试仪','', '',70608, 50, '', '', 0, '', 1, 0, '0'),
(706080007,'太阳光模拟器','', '',70608, 50, '', '', 0, '', 1, 0, '0'),
(8,'标准实验室建设方案','', '',0, 50, '', '', 0, '', 1, 0, '0'),
(801,'自来水厂实验室建设方案','', '',8, 50, '', '', 0, '', 1, 0, '0'),
(802,'三甲医院实验室建设方案','', '',8, 50, '', '', 0, '', 1, 0, '0'),
(803,'医药研发实验室建设方案','', '',8, 50, '', '', 0, '', 1, 0, '0');

-- `ecs_cat_recommend`
--
INSERT INTO `ecs_cat_recommend` (`cat_id`, `recommend_type`) VALUES
(3, 1),
(3, 2),
(3, 3),
(5, 1),
(5, 2),
(5, 3),
(12, 1),
(12, 2),
(12, 3),
(13, 3),
(14, 2),
(14, 3),
(15, 1),
(15, 2);

--
-- `ecs_exchange_goods`
--
INSERT INTO `ecs_exchange_goods` (`goods_id`, `exchange_integral`, `is_exchange`, `is_hot`) VALUES
(24, 17000, 1, 0),
(19, 80000, 1, 0);

--
-- `ecs_payment`
--
INSERT INTO `ecs_payment` (`pay_id`, `pay_code`, `pay_name`, `pay_fee`, `pay_desc`, `pay_order`, `pay_config`, `enabled`, `is_cod`, `is_online`) VALUES
(1, 'balance', '余额支付', '0', '使用帐户余额支付。只有会员才能使用，通过设置信用额度，可以透支。', 0, 'a:0:{}', 1, 0, 1),
(2, 'bank', '银行汇款/转帐', '0', '银行名称\n收款人信息：全称 ××× ；帐号或地址 ××× ；开户行 ×××。\n注意事项：办理电汇时，请在电汇单“汇款用途”一栏处注明您的订单号。', 0, 'a:0:{}', 1, 0, 0),
(3, 'cod', '货到付款', '0', '开通城市：×××\n货到付款区域：×××', 0, 'a:0:{}', 1, 1, 0);

--
-- `ecs_shipping`
--
INSERT INTO `ecs_shipping` (`shipping_id`, `shipping_code`, `shipping_name`, `shipping_desc`, `insure`, `support_cod`, `enabled`, `shipping_print`) VALUES
(1, 'post_express', '邮政快递包裹', '邮政快递包裹的描述内容。', '1%', 0, 1, ''),
(2, 'yto', '圆通速递', '上海圆通物流（速递）有限公司经过多年的网络快速发展，在中国速递行业中一直处于领先地位。为了能更好的发展国际快件市场，加快与国际市场的接轨，强化圆通的整体实力，圆通已在东南亚、欧美、中东、北美洲、非洲等许多城市运作国际快件业务', '0', 1, 1, ''),
(3, 'city_express', '城际快递', '配送的运费是固定的', '0', 1, 1, ''),
(4, 'flat', '市内快递', '固定运费的配送方式内容', '0', 1, 1, ''),
(5, 'sto_express', '申通快递', '江、浙、沪地区首重为15元/KG，其他地区18元/KG， 续重均为5-6元/KG， 云南地区为8元', '0', 0, 1, ''),
(6, 'post_mail', '邮局平邮', '邮局平邮的描述内容。', '0', 0, 1, ''),
(7, 'fpd', '运费到付', '所购商品到达即付运费', '0', 0, 1, '');

--
-- `ecs_shipping_area`
--
INSERT INTO `ecs_shipping_area` (`shipping_area_id`, `shipping_area_name`, `shipping_id`, `configure`) VALUES
(1, '申通', 5, 'a:5:{i:0;a:2:{s:4:"name";s:8:"item_fee";s:5:"value";s:2:"15";}i:1;a:2:{s:4:"name";s:8:"base_fee";s:5:"value";s:2:"15";}i:2;a:2:{s:4:"name";s:8:"step_fee";s:5:"value";s:1:"5";}i:3;a:2:{s:4:"name";s:10:"free_money";s:5:"value";s:1:"0";}i:4;a:2:{s:4:"name";s:16:"fee_compute_mode";s:5:"value";s:9:"by_weight";}}'),
(2, '1', 3, 'a:4:{i:0;a:2:{s:4:"name";s:8:"base_fee";s:5:"value";s:2:"10";}i:1;a:2:{s:4:"name";s:10:"free_money";s:5:"value";s:6:"100000";}i:2;a:2:{s:4:"name";s:16:"fee_compute_mode";s:5:"value";N;}i:3;a:2:{s:4:"name";s:7:"pay_fee";s:5:"value";s:1:"5";}}'),
(3, '邮局', 6, 'a:7:{i:0;a:2:{s:4:"name";s:8:"item_fee";s:5:"value";s:1:"4";}i:1;a:2:{s:4:"name";s:8:"base_fee";s:5:"value";s:3:"3.5";}i:2;a:2:{s:4:"name";s:8:"step_fee";s:5:"value";s:3:"2.5";}i:3;a:2:{s:4:"name";s:9:"step_fee1";s:5:"value";N;}i:4;a:2:{s:4:"name";s:8:"pack_fee";s:5:"value";s:1:"0";}i:5;a:2:{s:4:"name";s:10:"free_money";s:5:"value";s:5:"50000";}i:6;a:2:{s:4:"name";s:16:"fee_compute_mode";s:5:"value";s:9:"by_weight";}}'),
(4, '运费到付', 7, 'a:2:{i:0;a:2:{s:4:"name";s:10:"free_money";s:5:"value";s:5:"50000";}i:1;a:2:{s:4:"name";s:16:"fee_compute_mode";s:5:"value";N;}}');


--
-- `ecs_vote`
--
INSERT INTO `ecs_vote` (`vote_id`, `vote_name`, `start_time`, `end_time`, `can_multi`, `vote_count`) VALUES
(1, '您从哪里知道我们的网站', 1213200000, 1274803200, 0, 0);

--
-- `ecs_vote_option`
--
INSERT INTO `ecs_vote_option` (`option_id`, `vote_id`, `option_name`, `option_count`) VALUES
(1, 1, '论坛', 0),
(2, 1, '朋友', 0),
(3, 1, '友情链接', 0);

--
-- `ecs_nav`
--
INSERT INTO `ecs_nav` (`id`, `ctype`, `cid`, `name`, `ifshow`, `vieworder`, `opennew`, `url`, `type`) VALUES
('2', null, null, '选购中心', '1', '2', '0', 'pick_out.php', 'top'),
('3', '', '0', '查看购物车', '1', '0', '0', 'flow.php', 'top'),
('4', 'c', '604', '耗材配件', '1', '20', '0', 'category.php?id=604', 'middle'),
('6', null, null, '标签云', '1', '5', '6', 'tag_cloud.php', 'top'),
('7', null, null, '免责条款', '1', '1', '0', 'article.php?id=1', 'bottom'),
('8', null, null, '隐私保护', '1', '2', '0', 'article.php?id=2', 'bottom'),
('9', null, null, '咨询热点', '1', '3', '0', 'article.php?id=3', 'bottom'),
('10', null, null, '联系我们', '1', '4', '0', 'article.php?id=4', 'bottom'),
('11', null, null, '公司简介', '1', '5', '0', 'article.php?id=5', 'bottom'),
('12', null, null, '批发方案', '1', '6', '0', 'wholesale.php', 'bottom'),
('14', null, null, '配送方式', '1', '7', '0', 'myship.php', 'bottom'),
('15', null, null, '留言板', '0', '99', '0', 'message.php', 'middle'),
('18', 'c', '1055', '安全防护', '1', '14', '0', 'category.php?id=1055', 'middle'),
('20', '', '0', 'EC论坛', '0', '100', '1', 'http://bbs.ecshop.com/', 'middle'),
('21', null, null, '优惠活动', '1', '21', '0', 'activity.php', 'middle'),
('23', null, null, '报价单', '1', '6', '0', 'quotation.php', 'top'),
('25', null, null, '积分商城', '0', '24', '0', 'exchange.php', 'middle'),
('26', 'c', '1', '仪器仪表', '1', '13', '0', 'category.php?id=1', 'middle'),
('27', 'c', '1027', '试剂标物', '1', '15', '0', 'category.php?id=1027', 'middle');



INSERT INTO `ecs_admin_user` VALUES (1, 'bcpadmin', 'jinhua1982@gmail.com', '467bc4beeb4d2d062e8d0ebf7444bd44', NULL, unix_timestamp(), 0, '', 'all', '商品列表|goods.php?act=list,订单列表|order.php?act=list,用户评论|comment_manage.php?act=list,会员列表|users.php?act=list,商店设置|shop_config.php?act=list_edit', '', 0, 0, '', NULL);


--
-- `ecs_shop_config`
--

UPDATE `ecs_shop_config` SET value='欢迎光临科网,我们的宗旨：让您的工作更加的方便！\r\n<MARQUEE onmouseover=this.stop() onmouseout=this.start() \r\nscrollAmount=3><U><FONT color=red>\r\n<P>咨询电话010-10124444  010-21252454 8465544</P></FONT></U></MARQUEE>' WHERE id=121;
